id,segment,label
75,每時每刻都覺得很煩、心情很差的,1
78,想問問其他人我現在到底是憂鬱情緒,1
94,而且我幾乎每天都感到很焦慮,1
102,突然覺得自己看不到未來，覺得好難過,1
127,"覺得自己是loser, 很不快樂",1
133,這中間也是每隔一陣子就會有慌張不安的情緒波動著,1
141,最近這兩三個禮拜心情感到低落,1
142,只是我現在在一個很情緒低迷的狀態,1
143,我的憂鬱都是一陣一陣的,1
144,長久累積的情緒爆發,1
145,導致身體出狀況、失眠、憂鬱、自我價值感低落,1
146,發現最近很容易沒來由的焦躁,1
147,因為工作上的事情感到很焦慮,1
148,"最近工作壓力太大 搞得有點憂鬱 ",1
149,以前總為了感情分分合合的事情情緒化,1
150,覺得心裡有一個很大的空洞,1
152,可是在情緒和飲食方面覺得有些異常的行為,1
153,我開始越來越煩悶~,1
154,其實我從三月就開始有嚴重憂鬱現象出現,1
155,目前情緒已經瀕臨臨界點,1
160,覺的胸口悶悶的 心裡很空虛,1
162,"我已經撐了好久好久 忽然覺得好疲累",1
163,到現在快兩個月了...每天只會大哭,1
168,但我會周期性地(與生理週期不相同)憂鬱-->爆怒-->超開心-->引爆點-->憂鬱,1
169,因為心理的壓力和情緒問題已經嚴重到讓我生活被打亂,1
171,心裡也沒有覺得很開心大概已經兩三個月了吧,1
176,這幾個星期以來心情一直很差,1
189,長期的不愉快和近幾年的各種打擊下,1
190,因為我無法很好處理的負面情緒,1
194,我覺得自己憂鬱的狀況太嚴重,1
198,不知道為什麼我變的容易動怒 又沒有耐心,1
199,最近一直有一些情緒上的問題產生,1
200,可是我真的不快樂,1
207,最近心情很差,1
208,我..似乎有某部份的感情喪失了,1
210,有時在情緒的控管上有很大的問題，,1
211,然後我就越來越害怕面對老師跟同學,1
212,每天都不開心,1
216,加上自己獨處時，都有很負面的情緒會出現。,1
217,心情真的很差,1
218,情緒大起大落會大起大落,1
219,覺得越來越沒有辦法控制自己的情緒,1
220,因為很小的時候被蟑螂嚇過， 所以我很恐懼蟑螂,1
221,心情總是很鬱悶,1
222,一種鬱悶的感覺壓在胸口已經好幾年了,1
236,感覺每天都處在情緒崩潰的邊緣,1
240,因為真的太難受了，無法控制的一直哭,1
252,我的生活真的變得好糟、好難過,1
253,常常都是很難過很不舒服的狀態,1
261,最近心都悶悶的,1
263,真的很難過,1
264,開始上班一段時間就會覺得焦慮噁心想吐,1
266,我活得好痛苦,1
267,每天都在擔心自己病到什麼程度,1
268,搞不懂自己痛苦的原因,1
270,情緒 我真的很難控制,1
271,每次上班都好痛苦,1
319,每天都忍受著不能或不敢自殺的痛苦度過每分每秒,1
595,最近身邊一位長期情緒低落的朋友,1
651,有點緊張他怎麼了,1
771,上班的種種委屈光想著就讓我落淚,1
772,並且減緩我這長達三個月的憂鬱情緒,1
773,上週崩潰那天直到現在,1
774,因最近發生了很多事導致非常憂鬱,1
775,但常會突然陷入低落,1
776,昨晚因為一直止不住情緒,1
777,會感到又害怕又厭煩,1
778,最近失業心情很差,1
779,造成現在自己覺得長期情緒起伏不小,1
780,心情鬱悶無處宣洩,1
781,一直知道自己情緒有問題,1
782,已經維持在覺得自己糟糕透了的狀態快要一年了,1
33,還是沒辦法不難過,1
36,情緒就變得比較不穩定,1
37,但最近負面情緒居多,1
38,整個人很DOWN很焦慮,1
41,心情很雜亂,1
42,其實是我常常都情緒起伏不定,1
46,自己的情緒也漸漸的無法控制,1
47,但最近我被自己的情緒困擾很久,1
49,都會讓心碎的更碎,1
54,有個很不好的現象就是常常不開心,1
56,害怕不知道講什麼 害怕面對新的事物 甚至連走路都有些害怕,1
57,常常含有自我貶抑及害怕被人洞悉的恐懼,1
58,那麼地害怕噪音,1
62,但發覺最近非常容易心生不滿 而且是非常非常強烈的憤怒,1
63,最近一個多月來情緒總是不太穩定,1
66,自從分手後我已經很久沒有真心的笑過了,1
73,是不是因為情緒不穩的關係身體生病了?,1
80,不知道為什麼就是覺得很煩躁,1
82,發現自己是打從心裡的不開心,1
83,導致自己情緒很低落,1
84,而一個月大概有二十天都在憂鬱吧,1
86,似乎這樣不開心好久了,1
87,心情非常低落導致上班無法專心,1
91,也是這幾個月以來心情越來越差,1
96,常常對於同事不友善的態度會耿耿於懷，陷入低落的情緒。,1
97,最近發現自己不太能控制情緒,1
98,深陷憤怒情緒無法排解,1
99,一直以來都有情緒大起大落的問題,1
100,情緒時常處在緊繃易崩潰的狀態,1
101,剛離職比較嚴重的時候可能一發作就會連續兩三天都陷在憤怒的情緒,1
104,負面的情緒特別多,1
109,我很容易緊張,1
121,常常會陷在懊悔、後悔當中 出不來,1
124,心裡非常痛苦,1
126,也從來沒有發生過這種不可控制的負面情緒,1
131,"想起以前的回憶就會開始哭 也沒什麼心情上班",1
132,但是我每天心情從沒黑皮過,1
166,最近因為工作的關係，心情時常不好,1
167,這幾天一直哭一直哭 就是沒有理由的想哭,1
173,我真的很挫折,1
197,心裡面老是覺得不舒坦  心情非常差,1
204,若是那一段低潮期一來 加上情緒很不穩定,1
224,我不太確定目前的狀況究竟是憂鬱情緒,1
226,自從上大學之後 我覺得好不開心,1
258,目前心情低落、常常會因為一些小事而鑽牛角尖和負面思考、自卑已經持續很長一段時間,1
600,爸爸情緒不穩越來越嚴重,1
611,好苦惱該怎辦我覺得我不諮商真的走不出來,1
634,總之就是這幾天糟透了,1
669,累積多年倦怠感,1
673,真的好厭倦一直復發的人生,1
768,可是我覺得好累,1
769,但在壓力很大的時候就是陷入長期憂鬱,1
770,陳年的焦慮又重新困擾著我,1
107,我在學校、公司會很焦慮,1
108,沒來由的不快樂,1
112,我的情緒一直很敏感,1
115,心情處於低潮的時候很多,1
116,可是我不想要在情緒一有起伏就來個大會討論時間,1
117,我在情緒方面一直有很大的問題,1
137,中間又經歷了各種人際關係上的撕破臉還有拍片的焦慮跟壓力,1
139,最近本肥宅常常對女友暫時的消失感到很焦慮,1
151,想紀錄昨天因為恐懼和今天一回到家就倒在床上哭到幾乎崩潰的自己,1
156,最近心煩的事真的很多,1
157,就會發作出來陷入低潮,1
158,情緒又突然潰堤,1
161,我的心情跟著週遭的小事起起伏伏,1
164,這兩個月以來，情緒一直很低落,1
165,"整個人憂鬱起來的話,也是任由時間流逝然後硬撐過去 直到最近發作頻率實在是高的嚇人",1
170,每兩天就一次低落,1
172,縱使是很累還是被低落的情緒壓到睡不著，,1
174,搞的心情忐忑不安。,1
177,"有時候雖然心裡悶悶的但還是有辦法笑得出來 但是有時候卻像是有一個大石頭壓在胸口一樣",1
178,腦海中負面想法一直浮現就一直恐慌焦慮恐慌焦慮真的不知道該怎麼辦,1
180,心情也容易低落想哭....,1
183,也因為這樣我很害怕人群尤其是在密閉空間,1
185,每天這種沒理由的害怕越來越強烈,1
186,心情低落已經好幾個月,1
187,想一想事情就會開始感到悲傷流眼淚,1
188,心情更糟也更懼怕面試,1
192,負面情緒已經讓我一躺在床上或是不做事情我就會開始掉眼淚,1
193,因為我真的好痛苦好痛苦,1
195,我害怕又說不出我的痛苦,1
196,我從小就是比較情緒化的人...,1
202,但是我是真的感覺不到快樂...,1
209,但有時候會陷入極端的負面情緒,1
213,但是已經很久沒有好心情,1
214,自從我上了大學就非常的不快樂...,1
225,但生活上有時候憂鬱真的來得很突然,1
238,考試或者是上台表演或者是在人群面前要表達的時候，總是很緊張,1
243,跟負面情緒非常多,1
244,會因為事情沒有做到好而焦慮,1
246,我似乎總是非常悲觀,1
247,如果去死會不會就不這麼難過,1
248,原本我可以把情緒控制得很好，現在卻越來越失控,1
250,心情是極度的恐慌,1
251,由於我的情緒長期憂鬱,1
254,所以大概是身體在跟我抗議情緒這個傢伙很煩 吧,1
256,今天為了協商債務的事好崩潰 必須狠狠的咬住內嘴唇才不會在辦公室淚崩,1
262,越來越不能控制自己的情緒,1
201,加上自己觀察我覺滴我憂鬱正挺嚴重滴,1
206,情緒起伏大的自己都覺得可怕…,1
249,沒有什麼值得快樂的事,1
245,我發現我越來越不開心,1
223,手上的菸一根接著一根 好難過,1
81,但這些終究無法轉移我的注意力和安穩情緒,1
760,很焦慮,1
761,一直認為我是憂鬱情緒而已,1
762,老是因為這樣影響心情莫名憤怒,1
763,但生活上有時候憂鬱真的來得很突然,1
764,長時間的情緒低落,1
765,常莫名悲傷哭泣,1
766,總是卡在一些無法遺忘的痛苦記憶裡,1
767,然後我就突然崩潰大哭了,1
88,但很明顯有時會出現情緒崩潰,1
90,其實一直是我之後更憂鬱的原因,1
92,我每天只能躺在床上哭,1
93,之後偶爾晚上才會突然的悲傷起來,1
95,可能我沒病 只是在假裝 假裝焦慮,1
110,因為太容易擔心 讓我有時覺得狼狽不堪 而且好累好累,1
111,這讓我整個焦慮到一個不行,1
113,我開始覺得與其讓自己處在這麼痛苦的狀況下,1
114,但我從國中開始就憂鬱傾向,1
119,很容易不自覺的緊張,1
120,現在心痛已經遠大於懷孕所有身理的痛,1
128,但是這對我而言真的很痛苦,1
129,由於今年過了二月情緒一直沒有好轉，甚至情況更糟,1
130,脾氣開始又變得很差,1
134,加上我這幾年重度憂鬱到現在已經接近麻木不仁,1
135,我覺得自己變得越來越悲觀消極,1
136,月子做了10天而已就每天情緒低落、焦慮,1
138,但抑鬱和胸悶感卻不停困擾著我,1
140,有時候我送甚至同一天的情緒完全不同,1
159,就會心情很差,1
175,情緒也有很大的起伏。,1
179,長期心情不好,1
181,可是太自責太焦慮反而惡性循環,1
191,還是一樣自我厭惡和悲傷,1
203,"到了之前犯了嚴重的過失，更是覺得痛苦。",1
215,和這種情緒共生共長接近十年,1
227,我真的覺得好煩最近心情很差,1
228,心情一直很低落,1
231,我自己也是個很憂鬱的人,1
232,心情就一直沒有真正的好起來過,1
233,我越來越無法控制自己的脾氣和想法往負面的走,1
234,我一直都會有一股莫名的情緒 會讓我很想哭,1
235,會待在房間哭 也會在開車時哭到不行,1
237,也出現焦慮的問題,1
239,為一點小事或另一半的一句話都可以感到傷心落淚,1
241,老實說當初陷入這種狀況的時候滿恐懼的,1
242,剛開始的一個月情緒很大,1
257,心情不好歸咎於疾病也就算了,1
259,不想讓人擔心卻已經讓心理上的不愉快,1
260,我很害怕很焦慮很恐慌很不安,1
265,反反覆覆的情緒,1
269,但我就是一直在恐懼,1
272,為什麼我還不變得比較快樂,1
291,想哭也哭不出來,1
358,發現原來自己那段時間真的過得好痛苦好痛苦,1
488,人生走到這裡 真的好累啊,1
506,好想死的想法就一直出現,1
508,我真的好累，好痛苦,1
751,最後見到素未謀面的心理師開始爆哭,1
752,去年七月因為工作再度低潮,1
753,心情低落居然會影響生理上的實際的痛耶,1
754,每天都要哭到很累了才有辦法睡著,1
755,很煩欸 然後又因為這樣今天心情又壞了,1
756,總是痛哭失聲,1
757,莫名憂鬱,1
758,整年有半年在抓狂,1
341,去的時候很緊張一想到那間醫院整個胃痛,1
347,勇氣和自信早被心中的黑暗淹沒掉這種事,1
354,可是又會很焦躁反而越來越累,1
357,真有點沮喪,1
363,電話播出的嘟嘟聲讓我神經緊繃,1
368,內心爛成一片,1
369,覺得心情有點沉重,1
370,壓力大到喘不過去,1
372,瞌睡的片刻被尖銳的心痛驚醒,1
384,我現在好害怕感情,1
387,我說我怨恨某個已死之人,1
60,今天下午情緒也莫名激動煩躁,1
68,我不想再這樣一直憤怒,1
69,無法控制自己的情緒,1
70,現在心情很差很差,1
71,所以一直不快樂,1
74,有一陣子情緒不穩,1
4,我心理無法走出來,1
11,我就會陷入很低潮的情緒裡,1
12,情緒很不穩,1
13,脾氣很容易易怒,1
15,現在的我每天上班都提心吊膽,1
16,情緒總是這樣被自己腦袋綁著,1
18,我就會情緒很低落,1
19,可是心情好像都會受到影響，感覺很憂鬱,1
21,最近幾乎每一兩天就陷入不愉快的心情裡,1
29,情緒更加敏感無法控制,1
30,"心情一直反反覆覆，時好時壞",1
31,悶悶不樂 不開心 不快樂,1
32,我每次在月經來的前一週左右，會陷入嚴重的憂鬱狀態,1
2,最近的我，情緒起伏很大,1
23,最近情緒控制真的很糟,1
43,長期的情緒低落,1
50,情緒低落好一陣子,1
52,不然就是莫名的被悲傷的情緒籠罩,1
55,在經過這幾個禮拜每天平均哭個34小時,1
59,情緒莫名的焦躁緊繃,1
64,害怕與不太熟悉的人面對面接觸,1
72,想著想著又會想哭 很怕家人會出事什麼的,1
76,開始有朋友接受不了我的負面情緒,1
77,老是一副悶悶的、不快樂的樣子。,1
89,我一聽到救護車的聲音就很焦慮,1
103,我的情緒一直起起伏伏,1
105,也開始失眠情緒不穩定莫名其妙就在房間裡大哭,1
106,常常莫名的情緒很低落很低落,1
1,我也都不敢釋放鬱悶,1
3,很想讓自己多一點痛覺來蓋過心裡的不愉快,1
6,憂鬱起來被重壓在床上動彈不得,1
7,雖然以前也會沒來由的低落,1
8,最近都會因為一些生活遇到的事情而變得不開心,1
9,我發現我變得很脆弱,1
26,腦袋充滿很多情緒,1
27,我也不敢去看醫生因為我很內向很怕面對人群到底該怎麼逃離這情緒,1
28,我不想因為我的情緒不穩連帶影響我男友的情緒,1
35,有時候情緒起伏很大,1
45,每天都如同行屍走肉一般 生理痛苦心裡痛苦,1
53,晚上回到宿舍才崩潰情緒大哭之外,1
79,最近心情起伏有點大,1
85,這種日子好痛苦,1
274,但突然今天晚上有一些暫時還找不到來由的情緒，感到沒有很舒服,1
284,但我害怕... 害怕別人看到了我的這個缺陷,1
293,發覺自己聽到塑膠袋的聲音都會特別焦慮,1
294,任何的預約還有預定要做的事情都讓我煩躁,1
296,情緒一片空白，很麻木的對待身邊的各項大小事,1
297,講一講我就哽咽了,1
299,而是因為某事煩躁，結果剛好被念而引發情緒,1
300,我好想哭,1
301,一直都還是很緊張,1
307,今天下午以後心情很低落,1
309,是我情緒低谷的時期,1
310,回家只能一直抖一直吐一直哭,1
311,但其實出來第一天晚上還是睡不著想很多負面想法,1
315,我好痛 心好痛,1
323,我醒來感覺還在憤怒的情緒中,1
334,全身的神經開始緊張,1
n_144,最近感覺到情緒低落、焦慮，不知道該怎麼辦? ,1
n_157,或是覺得自己的孩子似乎有些學習、情緒及行為方便上的問題讓你感到頭痛？,1
n_624,累得要死然後想逃走 和空虛無望然後想結束,1
n_523,讓我的焦慮症有一點發作,1
1671-117,雜事也暫時處理完但似乎是太累發抖整晚 睡不著,1
1671-2,跟醫生說明安眠藥的部分 ,1
7391-112,真的很難過,1
7391-40,到了一定年紀之後會開始焦慮,1
7401-26,每次爛情緒都傳到我這裡鳥爆了 人際關係不好至少你吸不到壞情緒,1
791-166,想請問分裂情感疾患是什麼？ 跟思覺失調是否相同？,1
791-173,希望能提供求救、抒發情緒的管道及相關資源,1
791-2,最後歸於自律神經失調 憂鬱症 精神官 能症 躁鬱症 思覺失調症,1
791-27,最近感覺躁鬱症有點復發,1
791-70,是藍色的安保抗憂錠,1
791-88,強忍著幻聽出門 結果幻聽變成路人的聲音罵我,1
791-90,青少年時期我被憂鬱症困住,1
801-28,同時鄰居也在嘲笑我罵我 有夠煩的,1
801-31,與心理治療、情緒/恐懼/焦慮等心理困擾有關的問題/經驗/心得,1
801-34,諮商心理師公會全國聯合會為緩解民眾因疫情所引發之心理壓力,1
n_874,最近體重控制不太的住 已經有換安眠藥晚上不太會起來夢遊覓食,0
n_874,（以前小史） 但. .  除了感冒快一個禮拜到現在還沒好，,0
n_874,白天狀態載浮載沉 今天看診被說好像發炎傷到聲帶.,0
n_874,.  / 當下覺得靠聲音的行業（服務或表演展藝術）,0
n_874,身體都要照顧好 （平常維持好狀態）這樣難過的過生活,0
n_874,佩服他們， 跟希望大家最近天氣變化,0
n_874,不要感冒了~       21016.,0
n_851,剛才群組問工作的一些問題 要交部門的開會紀錄,0
n_851,不小心打太長 當成申論題在打,0
n_851,去想說會被釘之類的太辛苦 反正此處不留爺自有留爺處,0
n_851,不過都是從政府的規範講問題 應該還好？,0
n_827,最近發現有了新會動生命到現實生活以後,0
n_827,多了一些以前沒有的色彩 也漸漸覺得跟身邊的人相處的日常,0
n_827,是多麼的珍藏 盡力活在當下調狀態吧.,0
n_589,依舊很感動 聽著你說 說我很勇敢的面對,0
n_589,也聽著你說我如何怎樣才會好一些,0
n_589,還有你相信我可以 這一切一切,0
n_589,都讓我更相信自己 相信幾乎不可能相信的自己,0
n_589,更不要說起初厭惡至極的自己 謝謝,0
n_589,謝謝某老師很熱心的解惑 發問他都會回,0
n_776,去詐騙集團的臉書 貼他盜用的人圖片,0
n_776,看是不是有人可以清醒 雖然沒用也無法定罪,0
n_776,連臉書檢舉都無效 他竟然改了名字要繼續騙下一個人,0
n_776,真的是拜託詐騙集團沒雞雞謝謝,0
n_780,好快 昨天才去排的 可能因為有手冊,0
n_780,所以准予全部扶助 雖然還沒送審,0
n_780,但希望一切都有一個好的結尾 ,0
n_730,當了公務員 才有臉回去老家過年,0
n_730,結果看到我妹有臉回去 且他沒有工作也沒人說怎樣,0
n_730,我以前沒工作時回去卻被拷問 真覺得不公平,0
n_394,假子彈筆記 . 暫時睡醒 昨晚道過晚安之後墊個胃,0
n_394,藥吃一吃就睡了 結果又是五點半醒來,0
n_394,多麼熟悉又費解 窗外雨滴聲還是不斷,0
n_394,除了睡回去好像也沒什麼選擇 安定文吃完了,0
n_394,多補顆贊安諾和史蒂諾斯醞釀睡意吧,0
n_394,我這種一天吃藥睡兩次以上的吃法,0
n_394,真的是已經看到提早回診拿藥的結果了,0
n_394,在之前的文裡有稍微提到自己有時候會看的大眾占卜,0
n_394,不外乎就是看復合有沒有望 機率多高,0
n_394,對方到底怎麼看我的之類 結果甚麼,0
n_394,拉 雙生火焰拉這種浮誇的描述都出來了,0
n_394,根本就怎麼看怎麼有機會 但事實上人家她已經把自創品牌和生活習慣都搬去台中重新開始了,0
n_394,當然也有個同樣熱愛攝影 穩定交往的男朋友,0
n_394,而對方對我的態度依舊是已讀不回,0
n_394,有人會說已讀不回至少好過不讀不回啦,0
n_394,. . . 真是這樣嗎？  單就字面上的解釋,0
n_394,占卜就是提前告訴問卜者接下來可能會發生什麼事,0
n_394,讓問卜者能採取行動或不採取行動以趨吉避凶,0
n_394,只是目前看起來就像是註敗的死局一盤,0
n_394,連公園裡看不過去無法觀棋不語的阿北說甚麼都還是無力回天,0
n_394,悄悄地 不動聲色地立了誓 笑笑帶過,0
n_394,但其實錯失良機的我已經沒有能夠守信的把握,0
n_394,失去太多了 覺得自己有點像點石成金的王,0
n_437,最近試著少喝飲料 有感的是荷包跟情緒,0
n_437,真的喝飲料會比較亢奮之類 跟大家分享希望大家繼續加油,0
n_437,（：那個站內信是感覺叨擾大家別太在意）,0
n_325,昨晚又是睡3自然醒。  總覺得今天一整天都在頻頻犯一些低級錯誤，,0
n_325,一些很明顯的居然會漏掉，  浪費一堆時間自己抓到煩，,0
n_325,效率好差。  果然睡眠不足就像喝醉酒一樣容易做蠢事。,0
n_325,呃. . .  好累啊 (歎,0
n_325,片段式睡眠多夢不能讓人好好休息，,0
n_325,但身體似乎已經習慣了片段式睡眠。,0
n_815,又夢見 這次是再在一起了 雖然覺得很幸福開心但自己卻想分手,0
n_815,因為我不相信會有共同的未來 一切都只是當下的幻影,0
n_815,說到底就是我不再相信了 誰我都不信,0
n_815,不如自己先離開 還在琢磨怎麼說出口的時候,0
n_815,他不小心灑了整地的水 試圖救也來不及,0
n_815,整個夾板地板都徹底毀了 完全無法修復的狀態,0
n_815,是材質本身問題加上意外的結果,0
n_815,我不怪他只是覺得挫折 夢境的比喻真的是貼切得驚人,0
n_815,原本材質的問題 人生裡難免有意外,0
n_815,無可挽救的結果 . . . .,0
n_815,家人聊起最近的社會案件 整個事件在我看來最值得玩味的地方在,0
n_815,一般比較正常上流階層家庭背景出身的人,0
n_815,有多少機率選到整個家庭都有各種犯罪司法糾紛前科的對象交往結婚?,0
n_815,最大的可能是 原生家庭的背景/價值觀與此並不相斥,0
n_815,就如同為什麼 明明是富二代名媛名校出身,0
n_815,最後卻會成為伴侶 的性侵販賣仲介未成年的同夥一樣,0
n_815,和白手起家父親的金錢來源並不那麼正派互為映照,0
n_815,怎樣性格的人/家庭會為了金錢利益不惜殺害自己小孩的母親,0
n_815,相識多年心裡應該多少清楚才是,0
n_815,(只是認為不會那樣對自己) 要是掩飾的能力高超縝密到可以長期瞞過另一半,0
n_815,那麼到哪裡詐騙到金錢都不可能有問題,0
n_815,大概也不需要鋌而走險了 與虎謀皮本身就是高風險因子。,0
n_815,. . . .  和思考做事缺乏系統結構的人一起工作到最後很無力,0
n_815,也許他們能用聰明和其他的優點彌補,0
n_815,但天花板還是在哪裡 最終人不是能接受,0
n_815,行為和想法就能跟上/做到 不相信的話沒有繼續的理由。,0
n_561,我的新年新希望 就是不要活到40歲,0
n_561,開開心心悴不及防的死去 什麼方式都好,0
n_749,打開   開始聽了起來 想到上次聽這首歌時,0
n_749,是被前老闆在工作上逼不行 只好馬上換工作人員的那個面試前的片刻,0
n_749,那時的自己好勇敢：） 也對前前老粄感到抱歉,0
n_749,他力保我有這份工作的 但我很抱歉,0
n_400,該睡的時候睡不著， 不該睡的時候卻老嗜睡。,0
n_400,最近總是睡不飽， 好睏， 就算睡了也無法連續睡>4,0
n_400,該不會是被下了什麼讓人睡不好的魔咒？,0
n_404,不應該的低迷. . . . ,0
n_404,醒得早了， 追了一下斯卡羅，,0
n_404,繼續睡到中午， 睡得腰痠背痛卻怎麼也提不起精神。,0
n_404,出門吃了家附近的網美早午餐，,0
n_404,漂亮又好吃， 帶了書卻有點看不下去，,0
n_404,什麼都好， 就是無 法平靜。,0
n_404,回家趕了一下進度， 每個項目似乎都做不了多少就卡住了，,0
n_404,聽完了 ， 追完了新的 歌單，,0
n_404,時間變得好多， 而我的容量卻太小。,0
n_404,毫無靈感， 沒有任何計劃的隨意倒出顏色，,0
n_404,心情的顏色， 是這樣刺眼的紅色。,0
n_404,不小心打翻了色膏， 鮮紅色從腿上留下來像是鮮血般的觸目驚心。,0
n_404,他問我是好的紅色還是壞的紅色？,0
n_404,是很刺的紅色。 無法言說的。,0
n_404,//. . /124.  美麗又醜陋，,0
n_404,堅強又脆弱， 溫暖又冷酷， 正面與反面緊緊相連，,0
n_404,而讓我感到舒適的混沌變 得好小，,0
n_404,不舒服的極端變得好大. . .,0
n_293,好想變強 好想變得像自己想成為的樣子那樣,0
n_293,但覺得好遙遠 感覺上大學來好像讓自己很忙,0
n_293,但看起來完成的活動 經歷 也就那些,0
n_293,覺得好不能看 看到以前的一個好朋友,0
n_293,已經面試到外商大銀行的實習 就覺得自己真的好廢,0
n_293,當初明明並肩而行 現在我好像還是很爛,0
n_756,想到最後還是可能灰飛煙滅 還是有些沈重,0
n_756,選項之一 肚子很餓 想吃清燉牛肉麵,0
n_756,或者是麥當勞甜心卡買到兩百多,0
n_756,（肥宅無誤 早上還要去屆期重鑑,0
n_756,希望最快下午可以第二關 否則下週就要請假回來第二關,0
n_61,明明昨天晚上已經十點就睡了 早上睡到六點多,0
n_61,對之前只睡三小時的我來說這是一個很長的睡眠,0
n_61,可是面對要上班 就覺得自己好像一直睡下去,0
n_61,早上七點多了 八點多再出門就可以了,0
n_61,明明應該要起來刷牙洗臉 卻總是希望這樣一直拖下去,0
n_61,要是能可以一直睡該有多好 上面即將要把我調去另外一個單位,0
n_61,距離待了兩年的這個地方 開車要五六個小時,0
n_61,我卻提不起勁兒交接 也提不起勁搬家,0
n_61,還要找房子 真希望有人可以幫我,0
n_840,我不知道他們一直說禱告 說上帝會安排,0
n_840,是不是在安慰我？  但我好像也只能信了,0
n_840,求了七王爺的籤 一直都很靈驗,0
n_840,包括換工作的事 //. . /.,0
n_840,希望一切盡早步上軌道    ,0
n_213,今天睡4小時醒 希望下次可以進展到5小時,0
n_213,每次不是半夜醒就是凌晨醒 半夜睡就是5.,0
n_213,6點醒 明明沒上班還是不能睡好睡滿,0
n_213,雖然之後應該會去看病可是又實在很不想吃藥,0
n_213,又想起你 你的垃圾這句話不曉得為什麼一直在我腦海裡迴盪,0
n_213,你才是垃圾 幹 曾經想過去黑特版發文,0
n_213,沒想到黑特根本不黑特 大部分都是閒聊廢文,0
n_213,而且為何這些文章能活 就是因為連黑特版都有小團體在運作,0
n_213,女版有小團體 連這種版都有=,0
n_213,= 奇妙的批踢踢 這個梗前任也用過啊，,0
n_213,只是當垃圾跟智障是對我說的時候造成我很大的傷害,0
n_213,都是____ 沒有男的嗎？ 是不是都是老阿姨我是不知道啦，,0
n_213,只是常常就那些在群魔亂舞， 然後推文都超沒營養，,0
n_213,看了就想說在座的各位都是____,0
n_213,所以連黑特版都有這種智障小團體才是讓我更黑特的事,0
n_213,我現在也是這樣了. . . .,0
n_782,有隨身帶止癢藥水的自己 一百分,0
n_782,真的不知道什麼時候腳踝或手臂,0
n_782,就會被蚊子咬一包 嗚嗚   ,0
n_592,懷疑真的有比較好嗎？  我做的一切真的有讓自己,0
n_592,成為更好的人嗎？  但更好的人怎麼定義？,0
n_592,誰來定義？  加油     ,0
n_784,今天早上接到律師的電話 下週一要去事務所找律師談案件,0
n_784,希望一切順利啊 這幾天要先整理一下自己的主張,0
n_784,和希望達成的金額 加油加油 今天花好多錢,0
n_784,交通就快兩千 大概繞了台灣2.,0
n_784,5圈 吃飯大概也三百 嗚嗚 還有今天的代班費大概也是快兩千,0
n_784,噴好多_ 等下要去全聯補貨 尾牙抽到的全聯禮券派上用場,0
n_784,今天有遇到張醫師 沒有繼續給他看本來有一些愧疚,0
n_784,但想到他本來答應的事也沒做到,0
n_784,信任關係不是我打壞的 那些不該是自己的罪惡感,0
n_784,有比較理性一點 明天還要上班嗚嗚,0
n_778,今天最後一篇廢文 即便很多事情都想跟醫生說,0
n_778,但時間有限 紙的篇幅也有限 但不一定所有事情都需要跟醫生說,0
n_778,也不一定說了才代表我好好的 醫生看的出來：）,0
n_778,剛剛幾個小時紗窗都沒關 還好沒有奇怪的東西飛進來,0
n_528,有什麼娛樂活動嗎？  最近想自己去旅行,0
n_528,但是不喜歡細查景點 不想到時候因為趕不上或是什麼之類的原因心情不,0
n_528,好 想先設定一個地點然後去個一天或兩天（？,0
n_528,）如果不過夜的話通常不會去離家太遠,0
n_528,都是兩 個小時內可以來回的 平時最常滑手機,0
n_528,或看好看影片 但是不會一直都有,0
n_294,原本是很嗜睡的 近幾週開始不好睡,0
n_294,前晚睡睡醒醒幾小時 昨天竟然一晚沒有睡著,0
n_294,早上起來活動， 再躺回去還是睡不著,0
n_294,現在眼皮好重了 把緊急藥拿出來，,0
n_294,準備今晚再無法就要把自己弄昏了,0
n_294,來台北沒有好好吃飯， 沒好好睡，,0
n_294,也沒有吃藥， 壞壞 好在要回台中了,0
n_570,昨天第一次吃了煎餅果子 脆脆地我好喜歡,0
n_570,趁主管不在時走遠一點到法國市場,0
n_570,因為 的關係那裡史無前例地空曠,0
n_570,以前是水洩不通。  順便在市場買了法國製的巧克力圓餅,0
n_570,希望不要踩到雷才好。  同事老公說要買樂透,0
n_570,我也跟進 丟了五塊錢進販賣機,0
n_570,買了一張彩券後發現該販賣機是不還錢的,0
n_570,只好摸著鼻子再買一張 同事安慰我說這種意想不到的破財中獎可能性更高,0
n_570,承你吉言 談到要是真的中樂透想幹嘛,0
n_570,他想開一個書店咖啡廳 我想讀政治或國際關係的系學理論和分析,0
n_570,他老公工作太累只想辭掉工作 撇開這些作夢的事情,0
n_570,室友回國那陣子我就得自立更生了,0
n_570,應該要來研究懶人 食譜 啊我實在討厭煮飯和洗鍋具；,0
n_570,天氣這麼冷， 室友不在 那幾個月約會就可以回家看電視了,0
n_275,找諮商師聊真的有效嗎？  看到好多版友都覺得沒什麼效果,0
n_275,讓我有點卻步了 今天一個人去城隍廟,0
n_275,以前都是他帶我的， 今天只能自己導航找路,0
n_275,以前曾有算命師說我要多去城隍廟走走,0
n_275,也許太久沒去問安了， 最近真的過得好糟糕好狼狽,0
n_275,希望城隍爺、 城隍夫人、 月老、,0
n_275,各路神明多關照 心裡多一些寄託或許也能好一點吧(心理安慰),0
n_739,家人一堆問題幹你娘 我到底是要放給他們去死還是拉他們一把==,0
n_739,幹幹幹幹幹 為什麼總是遇到這種鳥事,0
n_552,平常很無聊 不知道要做什麼 沒有什麼興趣,0
n_552,也沒有朋友 基本上我如果晚上睡不著就是白天睡覺了,0
n_552,偶爾狀態好會思考今天要做什麼跟未來,0
n_552,不過就是不知道要做什麼 踏不出去,0
n_552,會調整成白天睡覺一部分也是在逃避,0
n_552,以及不想接觸家人（被影響心情）,0
n_602,這就是有失有得的道理吧， 我想找自己，,0
n_602,讓自己活得輕鬆一點， 卻要承擔失去家人的風險,0
n_602,但無論如何， 既然不能選擇死，,0
n_602,就只能找方法活 我希望搬家計畫能夠開始執行，,0
n_602,求職也同步進行， 一定要行動起來,0
n_577,是你自己的問題 不是因為誰唱了哪首歌好嗎？,0
n_577,看到一堆人在白冰冰表演的影片下面,0
n_577,留言說 我還是單身好了 以為今天宇多田來唱,0
n_577,你馬上脫單嗎？  真是夠了 ,0
n_535,就是沒有便宜的選擇的命 即使盲選大部分人選的都跟自己不一樣,0
n_535,挑出來還是貴的 而且差異反映在價格,0
n_535,明明對自己沒那麼重要的東西 寧願省點錢,0
n_535,但受好評被拿來當同等級品質比較的產品,0
n_535,實際比起來在乎的點不行就是不行,0
n_535,或非常重視品質的硬派玩家推薦他認為最好的相對低價產品,0
n_535,(也只是相對而已) 依舊 一萬美這種價格,0
n_535,在不太重視的地方 咬牙都有難度,0
n_535,還被朋友嫌棄外型太樸實無華 可見到產品到這等級,0
n_535,連不怎麼重視的人都對外型有要求,0
n_535,(我倒不怎麼介意 只要正常不俗氣就好),0
n_535,我的偏好在日本或歐洲找都比在北美適合/容易,0
n_535,(嘆氣 . . . .  如果把那些版本都寫出來,0
n_535,那個情緒態度差異之大 不覺得有毛病都難,0
n_535,還是不知道要用怎樣的態度面對。,0
n_591,又昏睡了一整天， 剛剛做了一些事，,0
n_591,又想起你， 你是不是有怨呢？,0
n_591,還是因為我們一直沒有看你、 祭拜你？,0
n_591,對不起， 還有謝謝你那時為我做的一切，,0
n_591,包括出門時陪伴我， 幫我買東西，,0
n_591,還有同理心對待。  如果不要生病，,0
n_591,不是家裡的爭吵混亂， 不是我們的不理解，,0
n_591,你會好好的成長， 會有不一樣的人生，,0
n_591,對不起， 請原諒我， 謝謝你，,0
n_576,不會一直聊天的設計師也很煩 我已經坐一個小時了,0
n_576,竟然只有幫我上去角質的藥水 然後我不會感冒嗎？,0
n_576,唉唉唉 生意太好也是不方便 阿雜,0
n_212,從二月底就開始一直生病 重感冒,0
n_212,臉色超級蒼白 好不容易上個禮拜好轉一點,0
n_212,然後就換氣喘發作了 每天早上咳到吐出來,0
n_212,呼吸很艱難 上班要說很多話的時候都覺得快要斷氣了,0
n_212,然後就會一直咳一直咳一直咳 很喜歡現在的工作但我好想休長假養身體,0
n_212,但我連一天特休都不能用還是別想了,0
n_212,還剩很多假擺在那當裝飾 唉 ,0
n_505,那顆牙套裝不回去 因為裡面已經蛀進去了,0
n_505,要重新根管 牙柱要拿掉重新根管,0
n_505,最後還要做牙冠增高手術 這只是他給我的建議,0
n_505,當然也可以直接拔掉植牙 唉多災多難的牙齒,0
n_24,進入倒數階段了 但還在逃避 以前的單位找我,0
n_24,我逃避 以前的朋友找我 我逃避,0
n_24,家人問我倒數了 我也逃避 玩了三個多月的遊戲,0
n_24,今天開始覺得無味 壓力來了 三個多月前的感覺回來了,0
n_24,唉 只能隨著時間的前進 見招拆招了,0
n_593,今天繳了四千的機車保險 當作汽車保險在繳哈哈,0
n_593,保了全餐 除了那種營業用保險沒保之外,0
n_593,能保的都保了 //. . /70.,0
n_593,騎車還是會離進口車遠點 還是會慢慢騎,0
n_593,但台灣的交通太可怕了 嗚嗚 ,0
n_728,買了2030（有打折）的一堆書,0
n_728,如下圖 //. . /6.,0
n_728,買書是享受 但是錢包怎麼空了（哭）,0
n_728,前幾天去龍山寺求月老的時候 順便幫貓咪求了一個護身符,0
n_829,脊椎盤突出吧？  搬個重物就腰痛坐骨神經痛,0
n_829,只能在床上躺躺 看能不能恢復一些,0
n_752,三個月沒拿了 星期二要跟醫生說要繼續開,0
n_752,希望這週就能跟醫院的心理師面談,0
n_752,昨天夜裡吃了兩顆 半夜超熱大流汗,0
n_752,以前沒有這樣的狀況 可能還是跟確診有關係,0
n_496,目前安眠藥是吃優達平200 滿容易入睡的,0
n_496,大概睡兩個小時就會起床 然後過24小時才會又想睡,0
n_496,醫生說當冬眠 我也有減藥看看過,0
n_496,完全無法入睡 該怎麼辦(/ _,0
n_875,暫時得救 希望星期五出庭順利,0
n_875,下班還要去處理 先把這一年的先搞定,0
n_628,2023第一個晴天（吧？  我發現我家貓咪不怕水耶,0
n_628,剛剛洗澡（淋浴 洗澡會門不會關緊）,0
n_628,他一直探頭看水 還直接跑進來,0
n_628,真的是天使貓欸 但是還是沒給他固定洗澡,0
n_628,他滿怕吹風機的 //. . /7.,0
n_615,剛剛尾牙入場的時候 我幫辦公室的人佔位置,0
n_615,結果被老鳥嗆聲 馬的 他馬上被人資拉走,0
n_615,他就在公司寫群組寫說 去哪裏都說位置有人了,0
n_615,問我很強嘛 很想回他說 那我去死一死可以了吧,0
n_615,馬的 同事叫我不要理他 公司沒有排座位表是公司的問題,0
n_621,只有牛奶加威士忌 可以讓自己,0
n_621,放鬆開心 超嗨 有沒人跟我一樣啊,0
n_861,我是你們的作品， 所以毀了自己就是在懲罰你們,0
n_729,今天吃了四顆利他能 四顆是一天的最高劑量,0
n_729,有種可能失眠的感覺 等下打完這篇要吃思樂康和利福全,0
n_729,然後昏睡過去 有種不知道明天會不會活著？,0
n_729,的疑惑 29號北上 30號出發,0
n_729,3號回來面對現實 會活著回來吧,0
n_729,會好好活下去吧？  風景請別凋零：,0
n_826,今天家人在談親戚的事， 孝心果然有好報。,0
n_826,多年前， 表弟因為舅舅突然生病無法工作，,0
n_826,弟弟也還在就讀，  所以畢業後，,0
n_826,分派在外地工作， 薪水一方面自用，,0
n_826,一方面還一人扛起養家的責任，,0
n_826,並供弟弟讀完研究所，  多年來付出，,0
n_826,沒有計較和怨言， 弟弟也知道家裡的不易和哥哥的辛苦，,0
n_826,求學時很勤儉刻苦。  他們在發生變故前，,0
n_826,一家感情很好， 遇到艱苦和變故，,0
n_826,在表弟的支撐， 一家人互相照應，,0
n_826,走過最艱難的時刻，  兄弟都有穩定的工作，,0
n_826,也找到另一半， 幸福的攜手繼續人生。,0
n_826,她說過你們家每個人都只顧自己，,0
n_826,不管別人，  而我們是這樣長大的，,0
n_826,不懂得要關愛和扶持，  我，,0
n_826,好像得到了其中一個答案，  利己主義，,0
n_792,明天要去見律師 什麼文件都沒有整理,0
n_792,想到步步逼近的日期 就覺得想逃避,0
n_847,原本用放任的態度， 對你來看，,0
n_847,我的病情有好轉 結果就因為這樣而插手介入我的病,0
n_847,反而又惡化到發病時的情況 整天不知道為什麼而活，,0
n_847,遇到龐大壓力只能腦袋缺氧窒息睡一整天,0
n_847,這種為我好， 其實是為你好而已,0
n_847,對我來說一點幫助也沒有 而且還是用同樣的態度來看我的病情,0
n_847,真不知道醫師說了多少有聽進去多少,0
n_847,越加控制， 只會變得越反抗 那就別想說我的病怎麼沒有好轉，,0
n_796,看到之前的五六年前， 也有十幾年前的，,0
n_796,就覺得如果不要忍趕快趁年輕跑掉去找大的，,0
n_796,結果繼續這樣年， 繞一圈也看了很多還是回到原點，,0
n_796,身體都壞了， 西醫看了幾個都被藥,0
n_796,物控制了， 還是不行就要改看中醫了。,0
n_796,羨慕那個被炒掉的同事， 他是幸運的，,0
n_796,不用在奇怪 的地方撐著， 不然久了也是自己走。,0
n_796,我的數字很不好看。 又星期日了，,0
n_625,首利安這顆藥真的讓我又愛又恨,0
n_625,他的副作用多到不行 但是偏偏對我很有效,0
n_625,在醫生指導下我開始換藥 但是換了兩次,0
n_625,還是換不掉 沒吃它就是睡不著,0
n_625,明明他的副作用是失眠多夢 但是不吃它就要配很多顆贊安諾以及使蒂諾斯才睡得著,0
n_625,有點無望 睡著了但是睡眠品質好差,0
n_800,不知道被什麼咬到 連擦金冠止癢液也無法,0
n_800,後來擦了萬用膏好很多 好癢啊,0
n_33,我吃的藥是(替你憂)和戀多眠。,0
n_33,老實說我覺得前者真的感受不到作用，,0
n_33,但靠著開始試著出去走走、 透透氣、,0
n_33,運動， 我反而覺得有稍微改善情況，,0
n_33,所以我就自動停藥了. . .,0
n_33,. . .  至於睡眠狀況還是得仰賴藥物，,0
n_33,起初一天1顆真的超級嗜睡， 後來慢慢減量一天半顆似乎有比較改善，,0
n_33,為了怕自己對藥有依賴性， 我後來再減到一天1/4顆。,0
n_33,那時候也回到租屋處了， 但是我卻發現這樣的藥量作用不了我，,0
n_33,我又開始失眠睡不著， 然後藥也差不多吃完了.,0
n_33,. . . . . . 那陣子工作忙所以沒時間和心力去找新的醫生看，,0
n_33,就這樣一直失眠和只有累過頭才偶爾睡的著的循環下去.,0
n_33,. . .  藥還沒吃完前也試過斷藥一天也是沒辦法睡，,0
n_33,果然對藥有依賴性了. . .,0
n_33,. . .  好不容易回家調的睡眠作息突然又打亂了，,0
n_33,最近真的覺得該去看醫生了不然都失眠好久才睡著.,0
n_33,. . .  鬱症的藥我覺得有吃沒吃都沒感覺，,0
n_33,也覺得這方面不見得一定要靠吃藥.,0
n_33,. . . .  也有人跟醫生要求過只開睡眠的藥嗎？,0
n_727,昨天半夜又下樓喝水 但入睡前又口乾,0
n_727,早上醒來喉嚨好一些 痰很濃很濃,0
n_727,爆咳那種 買了消炎喉片幫助似乎不大,0
n_727,喝了兩杯感冒熱飲 明天繼續 牙套掉了,0
n_727,星期三去大醫院排現場 看看有沒有機會排到,0
n_500,今天去祭拜你， 去時想了好多話，,0
n_500,在今天都跟你說。  回來時，,0
n_500,心情暫時好一點，  好像也只能接受你的離去，,0
n_748,有一天我也會到你夢中說 來看看你啊,0
n_748,謝謝你這輩子給予的溫暖 愛和耐心,0
n_748,//. . /.  陽光普照,0
n_186,星期三早八不會點名的課已經三週沒去了,0
n_186,罪惡感跟進度落後讓人無法安寧,0
n_186,每天都有好多該做的事可是一放學就只想躺下睡死,0
n_186,變成一直邊走邊玩寶可夢的三寶,0
n_584,想寫一些什麼來表示其實不是不,0
n_584,而別， 卻遲遲無法下筆， 時間、,0
n_584,記憶、 畫面、 聲音還有 其他細細碎碎的一些什麼，,0
n_584,似乎都鎖定了在那一刻。  其實停滯就只是一種假象，,0
n_584,只存在那裡， 我與他之間， 而在之外，,0
n_584,時間依然分秒不停的向 前， 我們，,0
n_584,所有人無一例外的都在向生命的終點走去。,0
n_584,大家的結局都是一樣的， 不存在好與壞、,0
n_584,優與劣， 死亡就是如此公平的會降臨在所有生命,0
n_584,的身上， 這點令人感到莫名安心。,0
n_584,歌單裡隨機播放的歌好像一直在提醒我什麼，,0
n_584,充滿了回憶， 可能是， 他存在的時間太長了,0
n_584,， 深刻又長遠， 在忘不了的部分畫下了一筆意外濃重的色彩。,0
n_584,友人說：還差一點點。  不過這一點點似乎卡很久了，,0
n_584,像是一個跑到99. 9%的進度條，,0
n_584,就卡在這個差一點點的進度 ，,0
n_584,很怕最後跑不動當機功虧一簣。,0
n_584,到底卡在哪裡也是個想破頭想不通的謎.,0
n_584,.  所以我到底有沒有前進一點點了？,0
n_823,被玩弄於股掌之間 感覺很糟 是不是被耍,0
n_823,感覺機會愈來愈渺茫 真的不是這樣搞的,0
n_823,醫生也說很奇怪：（ 但沒辦法是我有求於人,0
n_524,簽了委任狀 律師人很有耐心脾氣也很好,0
n_524,上一個當事人對他大聲 他也沒有其他的情緒,0
n_524,想到自己荒謬絕倫的過去 律師很精準的說了,0
n_524,也沒有問其他的事情 明天存摺去補完再給律師,0
n_524,就完成了 一塌糊塗的自己 面對面對然後面對,0
n_524,也只能這樣 怎麼繼續怎麼前進,0
n_104,不知道什麼時後開始早上都懶懶的,0
n_104,全身無力， 手腳就像綁了鉛塊一樣,0
n_104,以前去公司上班還可以逼自己出門,0
n_104,雖然到公司也是懶懶的不想做事,0
n_104,盯著螢幕發呆 工作進來了就對著螢幕不停嘆氣,0
n_104,現在在家做更是 抱著晚上也可以工作的心態早上不是抱棉被滾來滾去就是躺在地上發呆,0
n_104,到了中午過後才覺得一天開始了,0
n_104,唯一想到的解決方法是早上帶小寵物出去走走,0
n_104,但是外面真的好熱啊似乎一出門整個人就要直接原地蒸發了,0
n_104,說了這麼多我還是躺在地上 磁磚涼涼的，,0
n_6,大家安安  乳提  剛剛在水管看中配棋靈王,0
n_6,從伊角要阿光陪他下一局棋就好,0
n_6,讓阿光找到了佐為  於是阿光強勢回歸職業棋壇,0
n_6,一直到名人循環賽  阿光才開始真正的用自己的身分與小亮進行第一次對弈,0
n_6,雖然阿光最後輸了， 但小亮也發現了存在阿光身上的影子,0
n_6,也就是  之後阿光橫掃初段賽，,0
n_6,成了最強初段  如願跟高段棋士對弈,0
n_6,每個人也都往各自的目標前進 ,0
n_6,桑原本因坊、 緒方十段、 倉田五段、,0
n_6,河谷、 越智、 伊角. . .,0
n_6,. .   甚至是葉瀨中學圍棋社,0
n_6,從阿光復出的時候好興奮  看到最後變得好激動,0
n_6,最後又去補了動畫沒有的北斗盃,0
n_6,為了連結遙遠的過去與未來  阿光會繼續下棋,0
n_795,王醫師問我怎麼辦 我說走一步算一步,0
n_795,睡覺前看了工作圈的社群 前景堪憂啊,0
n_795,考試加油 聖經有一句話 不要為明天憂慮因為明天自有明天的憂慮一天的難處一天當就夠了。,0
n_795,也不無道理 晚安晚安    ,0
n_777,星期六去看牙齒 後來才覺得 醫生可能很生氣,0
n_777,因為換工作 所以遲了三個月去裝柱心,0
n_777,醫生只說他不介意牙套給別人做,0
n_777,要我就近治療就好 印象中 那間牙醫本來對病人就不太有耐心,0
n_777,專業和耐心是兩回事 醫生是很專業啦,0
n_777,台大學士國外的博士 是真的蠻厲害的,0
n_777,但因為醫生是同學的爸爸 所以醫生對我也蠻客氣的,0
n_777,也對我的滿口爛牙有很好的建議,0
n_777,我一出診間 櫃檯就圍上去 不知道在跟醫生說什麼,0
n_777,後來 櫃檯沒等我問就直接說會退我款項,0
n_777,相較於上的評論 感覺那天沒被醫生罵就很幸運了,0
n_266,今天一整天都覺得噁心想吐又頭很痛,0
n_266,因為在爸媽面前還是有逼自己吃點東西,0
n_266,但是實在吃不太出什麼味道 然後在廁所乾嘔吐不出來,0
n_266,明明前兩週狀態正慢慢穩定 藥也有好好吃,0
n_266,怎麼這些像副作用的症狀又開始出現,0
n_844,真的只要扯到財務就. . .,0
n_844,今天跟仲介跟銀行貸款聯絡 整個冷汗胃痛,0
n_844,唉。  信也寫不下去 寫到重點生氣就不想寫也不想講了,0
n_762,肚子痛 去看了醫生 吃了三天份的藥,0
n_762,有吃藥真的比較沒那麼痛 現在沒有藥了,0
n_762,又開始在痛了 ( 醫生怎麼只開三天份的藥,0
n_762,. /7.  我有問醫生是不是腎結石發作,0
n_762,醫生有幫我照腹部超音波說沒什麼事,0
n_762,我自己覺得可能是胃潰瘍啦 .,0
n_762,.  但是又有點不太敢去照胃鏡,0
n_18,最近因為疫情關係 公司減少我們到公司上班的天數，,0
n_18,改成在家辦公 意外地跟孩子多了很多獨處時間,0
n_18,才發現孩子成長速度比我想像中快很多,0
n_18,明明還沒開始上學， 卻開始在想孩子未來在學校做了作品,0
n_18,興沖沖拿來炫耀的場景 突然很期待孩子長大上學也好捨不得他快脫離每天黏在我腳邊的日子,0
n_18,雖然還有好一陣子  有沒有媽咪也是這樣的心情呢?,0
n_848,本週末明明是賽事 贏球看大家都很開心,0
n_848,我也沒有很想看的慾望 知道贏球也不,0
n_848,跟外界好像隔了一層膜的感覺 真的會失去以前的興趣耶,0
n_873,是不是該吃個鹽酥雞 沒牙齒慘,0
n_873,結案 晚安晚安 好餓嗚嗚 快睡吧夢裡什麼都有,0
n_134,大家早安阿(招手~) 新年快樂呦~\/,0
n_134,提醒一下明後天停喔~ 我沒睡好,0
n_134,睡覺時間0215~1109 深眠,0
n_134,251 又破紀錄睡覺簽睡到以來最晚睡(),0
n_134,太放縱了. . .  好累.,0
n_134,. . 大概10點就醒了之後就睡不著,0
n_134,最近這一陣子感覺睡眠品質不太好,0
n_134,今晚要早點睡 大家一起來早睡吧,0
n_134,大家來簽到吧~(招手) 好早睡喔,0
n_134,什麼時候我能這麼早睡 (墨鏡已帶上快被閃瞎了~~,0
n_134,拍拍~~ 睡眠時間滿夠的~~,0
n_134,對阿 想放鬆一下看韓劇有點停不下來^(毆,0
n_134,你睡好少>< 好棒~ 很標準喔,0
n_134,天阿 快去補眠吧 超早睡的厲害,0
n_134,對阿~ 加油~ 我也是 拍拍,0
n_849,習慣了為了某些人活著 現在要面對只有自己,0
n_849,好難是為了自己活著 我可以離開了嗎,0
n_170,沒有錢的人路過，  他們沒有嘲諷你，,0
n_170,只是你也知道，  在這裡， 大家身心狀況都不太好，,0
n_170,多半也是沒錢人，  你也知道，,0
n_170,救急不救窮， 又怕網路詐騙，,0
n_170,那篇真的沒有在嘲諷你， 而是很認真的在討論你的狀況，,0
n_170,也有考慮到你的身心狀況可能沒辦法執行大家給你的意見，,0
n_170,你要不要考慮ＰＯ在地方版， 雖然一定有酸民，,0
n_170,但也一定有願意幫你的人， 不一定會給你錢，,0
n_170,但會給你吃的，  而且你的狀況如果真的那麼不好，,0
n_170,是可以預期你會有執行能力受損的情況，,0
n_170,這會導致工作有困難， 做什麼都做不好,0
n_170,這種情況要不要請警察幫你找適合的社會扶助呢？,0
n_170,請社扶單位送你到適合的醫療院所養一養?,0
n_170,我去年1月辭職回來後在床上躺一個月,0
n_170,剛回來時沒有辦法整理東西到處亂丟我媽叫我收好我只覺得好茫然,0
n_170,不知道該怎麼收拾到了現在我已經比我媽會整理家裡了,0
n_170,這不是任何的訓練成果而只是因為疾病受損的腦功能逐漸恢復罷了。,0
n_170,你願意堅持下去是可以等到你回復的那一天的。,0
n_791,明明已經是超級早睡， 而且也睡到9個小時到10個小時。,0
n_791,可是醒來還是沒有神清氣爽的感覺,0
n_791,， 覺得沒睡飽。 好想要繼續窩在床上睡覺。,0
n_413,我媽， 還有我家兩隻毛寶貝。,0
n_413,距離領薪還有五天 還有五天就有錢可以回診了,0
n_413,最近自殺的念頭是這幾個月來最嚴重的時候,0
n_413,騎車去上班的時候也很恍惚 想著如果被撞死那應該也可以,0
n_413,剛過毛寶貝躺在床上 跟牠說 妳如果沒有姊姊也可以活得很好對不對,0
n_413,還有媽媽跟大姐可以陪妳哦 很多人很愛妳,0
n_413,姊姊就算離開了也是很愛妳 毛茸茸,0
n_588,準備吃安眠藥晚上藥 一不小心安眠藥掉進貓咪的水盆,0
n_588,融化了 趕緊幫貓貓洗碗裝新的水,0
n_877,到後來 我好像什麼都學會了 卻依舊什麼都不會,0
n_877,好想去旅行 看著朋友在巴西的風景。,0
n_565,看了兩個多小時 中途去照光 當時還套著橡皮帳,0
n_565,再套上口罩就去解放膀胱 結果回牙科的路上,0
n_565,乾嘔到不行 一堆口水跑出來 醫生本來聽我說我還要請假,0
n_565,就讓我三點看 結果我的太棘手,0
n_565,這次改兩點 嗚嗚 因為雷射科主任要用,0
n_565,我只能用電燒 沒想到肥宅的肉這麼香,0
n_565,護理師看到我的其他牙齒 跟醫生說,0
n_68,還是提早醒來了， 雖然很想繼續睡但是好清醒，,0
n_68,在床上翻了好幾圈就是沒辦法再繼續睡下去(可惡，,0
n_68,又打哈欠了) 昨天朋友硬是陪著我去凱旋看診，,0
n_68,弄得自己有點不好意思 但是醫生人感覺好冷靜，,0
n_68,聽聽我怎麼了問問我的家庭狀況讓我侃侃而談。,0
n_68,不像第一次看的醫生一直問我發生什麼，,0
n_68,有什麼症狀， 非常的急。  看診後也去夜市繞繞逛逛，,0
n_68,我終於在這兩個月中讓自己正常吃下第三餐了),0
n_68,等等要上班了， 要上整整8個小時，,0
n_68,有點後悔讓自己為了補時數上一整天的班希望能給自己力量，,0
n_68,支持上完8小（祈禱） 好像正在忘記妳跟有關妳的事，,0
n_68,這樣是不是比較好呢? 對不起請妳原諒我要忘了妳。,0
n_68,祈禱自己能好好上班(祈禱) 謝謝大跟大的祝福,0
n_68,耶我努力撐過4個小時了 等等再睡一下又可以撐過4個小時了)),0
n_68,今天吃素食好像就可以吃的下了,0
n_68,這樣有進步了吧) 下班了下班了(好像小狗搖尾巴的感覺,0
n_68,謝謝兩位一整天的支持， 剛剛上班腦袋放空又想到大的有進步，,0
n_68,自己也跟自己說自己有進步 謝謝,0
n_616,夢到手機壞掉 還是自己不會操作,0
n_616,懷疑自己是否阿茲海默症   ,0
n_575,風塵僕僕回到南部 結果打噴嚏,0
n_575,真是太不科學了 想說剪頭髮前先去吃個東西,0
n_575,結果遇到喜歡的男生 而且還是在我大快朵頤的時候,0
n_575,算了 也不會化妝的我 應該是什麼準備都沒差了,0
n_575,正在看蠟筆小新的時候 有個男生就走到我前面一直噴酒精,0
n_575,我看了一下他就繼續看我的你回來了,0
n_575,結果他就問我說你來吃? 我問他說你是誰？,0
n_575,看了一下問他說是嗎？  笑死耶我,0
n_575,他走了之後藏不住笑意 整個笑了起來,0
n_575,//. . /.  才發現他上次回我貼圖,0
n_575,我不知道意思 就沒回應他 好像我蠻不會聊天的嗚嗚,0
n_575,10號到現在都沒聊_,0
n_184,粗心忘了列印前要先排版 人家幫忙排了之後不好意思拒絕,0
n_184,就印了. . .  品質很好、,0
n_184,但是尺寸錯了 白花錢了 活動就是這週末了,0
n_184,必須在那之前把卡片準備好. .,0
n_184,.  冷氣吹的好舒服 真想就這樣沈沈的睡去,0
n_184,好久沒哭了、 好久沒睡好了、,0
n_184,好久沒按時睡覺了、 好久沒畫畫了、,0
n_184,好久沒念日文了、 好久 . .,0
n_184,.  暗暗的、 有一點點微光、,0
n_184,涼涼的、 舒服的 理想的環境.,0
n_184,. .  這樣的天氣真棒、 這樣的空間真好,0
n_184,好想就這樣一直深深的睡去. .,0
n_184,.  深深的. . . . .,0
n_292,突然不想再靠吃藥來睡覺了 突然不想再靠吃藥來讓自己渾渾噩噩了,0
n_292,突然不想再靠吃藥昏迷了 突然想清醒地面對一切,0
n_292,我都差點死過了 為什麼還要怕呢,0
n_292,對吧 突然的決定要去刺青 刺上有毒的圖案,0
n_292,每次在醫院看到 有一天才發現,0
n_741,之後會走幾個人呢？ 通常都是先請假去面試找到才走，,0
n_741,不會有人像我一樣裸辭。  總之要開始演戲了。,0
n_741,回歸現實。  還好有通過信箱認證，,0
n_741,不然這輩子都沒有樹洞了， 謝謝版承載我的一切黑暗，,0
n_741,也讓大家 傷眼。  01/29,0
n_580,跨年前一天搬到新地方， 也換了新工作,0
n_580,希望未來的日子一切順利、 願小人退散氣氛融洽、,0
n_580,願工作早日上手、 願能儘速找到新目標。,0
n_580,脫離舒適圈很痛苦， 但只有這樣才有機會獲得更好的自己,0
n_580,祝福大家一切順心 也祝福自己一切順利,0
n_768,這幾天解離的很嚴重 甚至在自己面前的東西都能找上許久,0
n_768,忘記帶外套回來 南部很熱情由可原,0
n_768,剛剛又想起來 兩本上班要用的書,0
n_759,我想已經兩年了， 這樣長的時間一個人可以改變很多，,0
n_759,或許你早就早就忘記我 了， 沒有規定心理師必須記性好的吧（笑,0
n_759,只是當我算是用盡力氣寫了2000多字，,0
n_759,希望自己的某些遭遇能夠被看見，,0
n_759,就算 只是被看見也好， 得到了一個罐頭式的訊息，,0
n_759,對， 只是訊息. . .  我很難接受.,0
n_759,. .  想來我也不曾真的生病，,0
n_759,所以就算以前受的傷害重演， 就算這次又無聲挨了一,0
n_759,刀， 我也不會真的怎樣， 對吧？,0
n_759,真希望自己能夠早點鼓起勇氣去找下一個心理師，,0
n_759,我祝福我自己， 哈哈. . .,0
n_814,今天她生日 也在進場前鼓起勇氣，,0
n_814,畫花給她拿卡 也被她 觸動到,0
n_814,也許每個人不知不覺被時間推下,0
n_814,人生下一章節只好跟過去人事物道別吧,0
n_814,/ 盡努力活在當下：） 分享這份幸運給大家,0
n_159,有時候沒辦法從床上起來 好像起來會遇到什麼壞事一樣在逃避,0
n_159,明明知道應該起來趕快吃藥可是一直起不來,0
n_159,有點像是不敢動 然後身體的力氣又都被抽掉了,0
n_828,孤立無援於現況來說， 過於輕巧了。,0
n_828,現實險峻而又殘酷的多。  雖然有預感不會讓我好好活著，,0
n_828,那就這樣子，  不再選擇相信他們所言，,0
n_828,暫時不再有雷的想法，  然後，,0
n_828,也只能靜待。  妹妹， 且看著，,0
n_828,傷害人的人必將在來日承受， ,0
n_573,終於把交換禮物？  寄出去了,0
n_573,感覺自己很母湯哈哈哈哈 不論是遲到還是交換禮物的內容,0
n_573,下午要去剪頭髮 新的一年即將到來,0
n_573,送舊迎新 不那麼依賴醫生 但也不因為尋求幫助而覺得不堪,0
n_573,這應該是今年最大的收穫：） ,0
n_421,聖誕快樂 看社群網站大家的聖誕節聚會都好熱鬧,0
n_421,哎不過覺得悠悠哉哉過一天也很幸福就是了最近難得心情平穩,0
n_421,送自己的聖誕禮物就是節食一整天（笑哭,0
n_421,這兩個月不知道是壓力太大還怎樣整整胖了四公斤超可怕，,0
n_421,更可怕的是比年初失戀時胖了快十公斤，,0
n_421,惡夢ㄚ 雖然年初那個是異常，,0
n_421,但我真的已經十年沒那麼胖過了（上次最胖在高中,0
n_421,阿彌陀佛開始有意識的節食， 不敢說減肥我真的太愛吃了根本減不動,0
n_634,事後跑來問(叫我找)有沒有照片,0
n_634,當時有沒有擺拍自己不知道嗎 我又不會變魔術,0
n_634,沒拍能變出來 還是覺得會那麼幸運,0
n_634,隨便拍就會剛好拍到? 拜託現在的社群媒體,0
n_634,不是以前隨手拍就可以的年代 不只社群媒體,0
n_634,處理面對檔案聯絡通訊各個方面,0
n_634,主流都不再是過去的模式 不久之前如果對方跟我要已經寄過的檔案我會覺得煩,0
n_634,現在明白這是當下的正常 因為沒有人會花時間回頭處理過去的東西,0
n_634,這一刻需要就是現在溝通/取得,0
n_634,你再怎樣盡善盡美調整方式 都不會改變別人面對的態度/趨勢,0
n_634,沒有意識到這點 就會把資源能量浪費在不必要的地方,0
n_634,新一代最值得我們學習的 是大量訊息資訊培養出高效選擇處理的能力,0
n_634,並不是一定不好 重點是用在哪裡,0
n_634,.  . . .  某些人說日本的禮貌客氣只是表面虛偽,0
n_634,想起上次司機杯杯嗤之以鼻講 就算只是表面,0
n_634,總比當面罵你髒話給你巴掌好點吧?,0
n_634,就像說的一樣 只有身邊環境太好,0
n_634,過太爽才會有這種奢侈的不滿 當你走在路上隨便沒幹嘛都可能被銃康欺負的時候,0
n_634,(這邊認識的人之中最溫柔善良從不跟人吵架,0
n_634,到哪裡都跟每個人相處融洽的朋友,0
n_634,也會在路上碰到惡意特別繞過來一直踩她的陌生人,0
n_634,原本離很遠 而且踩很多下 不是一兩下不小心,0
n_634,連她這種永遠都把人想得最好的人都覺得一定是故意的話絕對是故意),0
n_634,就會覺得即使只是表面虛偽的善意已經很值得珍惜。,0
n_634,(另外日本男裝尺寸好小選擇又多,0
n_634,好適合我這種喜歡中性路線的 <3),0
n_634,. . .  終於把冰箱整個清理完,0
n_634,該丟的丟掉 一整個小垃圾袋裝滿,0
n_634,說小也有4加侖 (其實是因為該丟的太多,0
n_634,新的來擺不下了  椰青買一箱比較便宜,0
n_634,之前水管無論看多少次還是打不開,0
n_634,這次乾脆買開椰子的工具 現在椰子水喝到爽,0
n_634,邊丟邊罵自己浪費 看到什麼都想試,0
n_634,試了不喜歡就不吃擺著 或是在冰箱最裡面看不到就根本忘記),0
n_634,. . .  地址12月就改過,0
n_634,還是不對 卡寄三個月都寄不到,0
n_634,今天打電話去才終於處理好 真人客服手動改,0
n_634,都改兩次才把地址改對 還好有請他重複,0
n_634,應該是他們系統自動小修正地址功能,0
n_634,每次都把最後的道路選成錯的 ,0
n_634,路  道  街   .  五個都是不同地點,0
n_634,. . .  申請很久的課一直沒下文,0
n_634,還以為沒通過 從最原始的申請證明連過去查才發現已經過了,0
n_634,不知道為什麼沒收到通知 原本想花錢拿正式學位,0
n_634,只是一來猶豫值不值得花費(米國高等教育學費高得不合理),0
n_634,二來順序關係聯邦申請下去 好像會白白浪費掉州政府的福利,0
n_634,應該先把州的福利用掉再來申請,0
n_634,(就算只用一點也好啊 又不是沒有想要的),0
n_634,既然申請過了先上一陣子再看看,0
n_634,. . .  另外 覺得我的人生真沒有運氣好這種事,0
n_634,那裡有點坑/稍微感到苦手 以前還在相關研究所工作過,0
n_634,就一直還是有點卡 想說也不是那麼必要繞過去就算了,0
n_634,但到最後常常莫名其妙又變成重點還是得回去面對,0
n_574,錄取3個月的公司 自此展開新的篇章,0
n_574,走出精神病的方法 氣功 拔罐,0
n_574,刮痧 針灸 中醫 瑜珈 飲食,0
n_574,規律運動睡眠 西醫 有氧 宗教,0
n_574,義工 運動 輪流浸泡冷熱池.,0
n_574,. .  有用的就拿來用重複用,0
n_574,越多越好 某領域對你有用 但是你找不到合適的人,0
n_574,那你會覺得沒用 這沒辦法 在黑暗中摸索,0
n_574,只有走出來後才一目了然 此文為小弟在此版最後一篇文,0
n_574,大家事事順心~~ 之前發文有得罪版友之處藉此篇文一併道歉,0
n_793,剛剛看到 之前一個9的個案走了,0
n_793,前一陣子還看到他開店生意興隆的訊息,0
n_793,生離死別也太突然了吧 活著就有機會欸,0
n_622,今天要去打針 好想只拿藥 醫生問我好不好,0
n_622,不想說謊 考評順利結束 下午要開會,0
n_622,但比以前好了 以前還要開主管會議,0
n_622,阿雜 還會有董事長 現在想起來都覺得麻煩,0
n_248,星期四半夜打了針睡著後 就一直處於一種失憶的狀態,0
n_248,不知道單純是腦子不清醒還是解離？,0
n_248,但是真的完全不知道自己怎麼離開病房甚至被媽媽帶回新竹的,0
n_248,就這樣睡掉了消失的星期五 看了一下發現自己有發文,0
n_248,可是我整個？ ？ ？ ？  星期六稍微清醒點,0
n_248,還有去剪頭髮 不過大多時間又都在睡覺,0
n_248,直到今天才完全清醒知道自己在幹嘛,0
n_248,在醫院打針睡著的那晚 老實說,0
n_248,好棒喔 打完針那種飄呼呼腦袋放鬆的感覺,0
n_248,而且醫院冷氣好涼 我在租屋處睡覺都不敢開冷氣,0
n_248,醫院的床也好軟喔喔喔喔好舒服,0
n_248,現在想起來挨那一針的痛根本不算什麼,0
n_248,如果每天入睡前都可以這樣的話,0
n_633,傻眼的護理人員 剛剛照完陰道和腹部超音波,0
n_633,我就發現手機不見了 應該是遺留在來醫院的路上,0
n_633,護理師問我怎麼不坐接駁車 我說檢查的時間有點趕就坐計程車,0
n_633,借他們內線報案完之後 警察請我到門口等,0
n_633,不到五秒就在包包裡面找到 傻眼@@,0
n_633,馬上再打110取消報案 好消息是沒有再長腫瘤,0
n_633,內膜也正常沒有增生 婦科醫生是精神科醫生介紹的,0
n_633,跟婦科醫生說新年快樂 醫生之前的造型看起來精明幹練,0
n_633,聽說他刀術一流 （護理師說他削蘋果很漂亮）,0
n_633,這次的髮型看起來很氣質很美呢,0
n_633,剛剛忘記跟他說 只說了新年快樂,0
n_633,問了醫生常自慰 會不會因為子宮常充血,0
n_633,而長腫瘤 他說不會 那我就放心了,0
n_521,最近努（強）力（迫）自己 拾回過去的興趣,0
n_521,也發現好像不要想太多活在當下,0
n_521,跟著當下的情緒跟著人們把握當下,0
n_521,當然難免有好壞（今天站在第三方看球,0
n_521,但這就是現實跟未來的人生吧哈哈,0
n_57,最近真的強烈的覺得自己的記憶力越來越不好，,0
n_57,已經不只是忘東忘西那種程度了,0
n_57,是前幾分鐘做過什麼事有時候剛好有狀況需要回想事情都會想不起來，,0
n_57,當然忘東忘西這點 也是持續存在的,0
n_57,真的是越來越困擾了 不過還不到陰天的程度所以用閒聊,0
n_26,昨天狀況超差的在輔導室待了一整個早上,0
n_26,今天跟昨天整個就是落差超大 一整天都幼稚幼稚的,0
n_26,像小朋友一樣自言自語 從喉嚨發出一些怪怪的聲音,0
n_26,走路腳步也頓頓的 手手一直揮來揮去,0
n_26,上課也坐不住 下課就在操場散步,0
n_26,學校有一個活動好像是說走/跑操場一圈某某公司就會捐一塊錢給董氏做憂鬱症防治,0
n_26,遇到輔導老師也在跑就跟她一起跑,0
n_26,今天走跑一共15圈=ˇ= 很開心ˇ,0
n_502,就算活得和別人不一樣也沒關係,0
n_502,只要不是輕生的念頭或作法都好,0
n_502,有什麼不愉快 就聽聽 等輕音樂,0
n_502,或是打1925安心專線和協談老師聊聊,0
n_846,請問一下 有沒有大大做過什麼工作,0
n_846,是可以保持心靈的平靜 如果不考慮薪水,0
n_846,基本工資可以養活自己就好的工作,0
n_846,有什麼工作是 有精神官能症還可以應付的嗎？,0
n_63,整天想自殺的魯蛇， 自從養了一隻貓以後徹底改變他的人生,0
n_63,//. . /43/877037/152121,0
n_63,養寵物真的會給自己力量， 上週自己還真的突然很想認養一隻貓，,0
n_63,可是自己都養不活了還要養其他的啊（哎呀）。,0
n_63,一直會想到之前老家養的狗， 至今仍走不出來.,0
n_63,. . . . .  支持我一生的信念有三：知識、,0
n_63,情愛、 和對人類無可抑遏的憐憫。,0
n_63,羅素哲學家 還真的是想歸想.,0
n_605,來唸個行政學 加油加油 目前寫完1/7的架構加選擇題,0
n_605,然後現代的議題 再人事行政 財務行政,0
n_605,組織管理 政治管理 公共政策,0
n_738,腳汗超多 襪子都是溼掉 會不會變成有腳臭的人嗚嗚,0
n_738,希望這個後遺症會消失    ,0
n_203,前一陣子期中的時候狀況很不好,0
n_203,考的一塌糊塗連自己有信心的科目也爆炸了,0
n_203,二一的機率很高 我看我還是不適合唸這個科系,0
n_203,可是不唸又能幹嘛 書讀不好工作做不好,0
n_620,好笑的我 把愛情當作天地 卻無法在土地上種植,0
n_620,卻無法讓鳥兒自由的飛 把他們留在身邊就不會孤單難過,0
n_598,已經封鎖了還是收得到 真是見鬼,0
n_598,數字版友再傳什麼癌末善終 就去吃屎,0
n_598,善你他媽的我是認識你嗎？  騷擾屁喔,0
n_492,《ＩＤ暱稱》 () 《經濟狀況》小富,0
n_492,《登入次數》 次 (同天內只計一次),0
n_492,《有效文章》1000 篇 (退0),0
n_492,《私人信箱》最近無新信件 《上次上站》12/28/2022,0
n_492,215010  《上次故鄉》106.,0
n_492,和 《象棋戰績》 0 勝 0,0
n_492,敗 0 和 這篇就第1001篇了，,0
n_492,紀念一下好不容易沒灌水（？ ）的1000次發文。,0
n_492,支持我一生的信念有三：知識、,0
n_492,情愛、 和對人類無可抑遏的憐憫。,0
n_511,從旅行之後家裡就有點亂 打包趕著出門,0
n_511,回家開箱 很多東西來不及收 回來先是大清冰箱,0
n_511,再裝滿  舊物開箱歸位 (某些新物件需要重新規劃,0
n_511,然後時差太累躺平兩星期 趕在假期購物退貨期限1月底退貨,0
n_511,大洗衣服 全家稍微清掃 洗被套,0
n_511,今天起要求自己每天要在日常家務之外多做兩件小事。,0
n_511,待完成 週末大掃除 洗地毯羽絨被床單外套,0
n_511,冰箱收納規劃 . . . .,0
n_511,.    難喝到不行 最後受不了丟掉。,0
n_511,. . . . .  他曾說影展得獎片所謂藝術片的觀眾是老年菁英階層,0
n_511,(更多是貶義) 雖然聽來有些但也不能說沒有道理(族群特質),0
n_511,無法否認對很多人來說(尤其台灣)標籤非常重要,0
n_511,無論是正面或是負面 喜歡/擁有,0
n_511,很潮很厲害很懂 > 不喜歡 很俗沒品味,0
n_511,或反過來 喜歡很假掰做作 不喜歡才是誠懇誠實,0
n_511,這整個社會風氣 愛比較到一個莫名其妙的地步,0
n_511,比學業比事業比成就比吃什麼餐廳比錢比房比車,0
n_511,連本質是休閒娛樂 個人偏好喜好的東西也要拿來比,0
n_511,覺得一個人的人生貧瘠到要把心思放在這樣的地方真的有點可憐,0
n_511,別人的錢變少 你的銀行帳戶也不會多五塊,0
n_511,別人慘不慘跟自己的生存根本八竿子打不著邊,0
n_511,如果會傻傻買單跟情緒勒索同一招的大絕的,0
n_511,只能說個人造個人擔 不是什麼堅持自己不用管別人的眼光意見,0
n_511,而是個人偏好的事哪來這麼多不相關無謂的比較,0
n_511,無論自己喜歡什麼不喜歡什麼 都沒有比較好也沒有比較壞,0
n_511,就 只 是 喜 歡 而 已 ,0
n_511,.  就像講究生活品質的朋友也會說,0
n_511,遇見某大公司高級主管夫妻居然穿量販店衣服,0
n_511,我說可能每個人生活中重視的事情不一樣,0
n_511,至少還能對對方說真心話 但那些片刻太頻繁會讓我覺得有點辛苦,0
n_511,更不用說某些任何事都帶著一定價值的朋友,0
n_511,我想自己和漸漸疏遠這點是關鍵因素,0
n_511,人雖然難以完全避免對事物的價值感,0
n_511,但沒有自覺這點讓我難以忍受 (,0
n_818,總會想著也許現在的結果早就注定,0
n_818,只能當自己一切只是多了一場不好的經歷,0
n_818,如今 反倒不付出了心， 才各自安好,0
n_818,現在便是成就了他人想要的結局,0
n_818,只要日後願他們能幸福快樂 即可,0
n_788,查使用者  於 1860 (),0
n_788,底下推文： 其言論有略為違反程度。,0
n_788,（詳見第四條 普通程度之人身攻擊,0
n_788,細項） 念在討論仍為理性範圍之內，,0
n_788,且無直接人身攻擊，  本次不以違規處分，,0
n_788,但請注意自身言論。  簡單來說就是板規有寫不能打的，,0
n_788,就不要打出來就好了，  ？ ,0
n_788,板務這邊認為， 意見不合的理性討論是可以接受的，,0
n_788,如果雙方沒有共識，  那何必一定要有共識？,0
n_788,真的不必跑到別人的文章底下刻意指教。,0
n_788,另外善意提醒，  別板文章糾紛不要帶到本板，,0
n_788,以免觸法。  支持我一生的信念有三：知識、,0
n_788,情愛、 和對人類無可抑遏的憐憫。,0
n_152,如題 請問有人有看過豐原的醫院或有推薦的醫師嗎？,0
n_152,雖然知道挺多人有推台中其他間,0
n_152,但對我還是有點小遠， 所以想問問有沒有人有在豐原的經驗,0
n_152,然後再請問醫生都會如何判斷你是不是憂鬱症？,0
n_152,有時候覺得自己是不是只是想被判定是憂鬱症這樣好像就可以把事情怪在這上面了,0
n_753,收到保費通知 要繳最後一期 但這幾年一直感覺,0
n_753,這份保險怪怪的 應該是很虧的交易,0
n_753,當初是朋友媽媽介紹加保 每年也呆呆的繳,0
n_753,最後一期 重新把契約拿出來看,0
n_753,這根本是一份很鳥的保單啊 是眼睛瞎了嗎？,0
n_753,當時那個朋友還有很多事 不也是利用你不是嗎？,0
n_753,會狠心斷交不也是 他自己沒照顧好狗狗,0
n_753,狗狗生病住院還要你去幫忙付錢,0
n_753,他沒照顧好狗狗死了 卻責怪是你沒幫忙,0
n_753,最後一根稻草 這麼多年了 這鳥保單還在,0
n_753,歲月過去了 為什麼自己一直都那麼不愛自己,0
n_753,都在愛著別人幫著別人 當你遇到困難時,0
n_753,又是誰伸手了？  為什麼生病,0
n_753,對家人對朋友對感情對工作 你總是不斷付出,0
n_753,想被肯定 想被珍惜 但卻一直都沒有好好照顧自己,0
n_822,如果沒過就不用去考試了 耶？,0
n_822,唉？  也不知道到底是怎樣 很煩,0
n_822,下班倒數六小時 今天要加班一小時,0
n_798,醒來依舊是黯淡無光 上班也心不在焉,0
n_798,拿了不同顏色的筆批公文 感到可怕,0
n_798,一個人可以這樣玩弄別人於股掌之間,0
n_798,另外原本以為是一個契機 沒想到是詐騙,0
n_798,對又遇到詐騙 但我沒相信 直接貼詐騙新聞給他看,0
n_798,他大概也很希望我上當 貼了一堆文字給我,0
n_798,說什麼只有他能幫我 那不是幫是害,0
n_798,包裝帳戶就是詐騙帳戶 就是警示帳戶,0
n_798,已經夠忙碌了 難道還要再跑法院？,0
n_798,？ ？  這些人真的要下地獄,0
n_798,又是一個要加班的日子    ,0
n_50,啊. . . 就是困擾很久的問題安捏,0
n_50,自己一個人總是只會呆啊~~~~~~~~呆啊~~~~~~~~~~~~~~~~~~~~~~~~呆~,0
n_50,雖然最近的狀況又開始惡化， 不過還是想試試看,0
n_50,有沒有人要一起念書? 不是讀書會,0
n_812,26歲的他， 退伍一年都在家裡幫忙，,0
n_812,月休四天 有個交往兩年多沒兵變的亮麗女友，,0
n_812,偶爾作些手工餅乾寄去金門， 讓他那些同袍羨慕死了,0
n_812,。  年輕人總就還是會想， 假日如果能和她有個兩天一夜的小旅行，,0
n_812,自己開著車去走走能多好 多好啊,0
n_812,可是他只有機車， 爸爸只有貨車，,0
n_812,嗯？ 月薪好似20吧該怎樣去買一台五六十萬的國產,0
n_812,轎車呢？  跟家裡面的大人商量後，,0
n_812,大人們說共體時艱， 嗯。  26歲的他決定去找個薪資高一些的工作，,0
n_812,好存錢買車~好簡單幼稚的願望，,0
n_812,畢竟才剛退 伍一年， 算出過社會嗎？,0
n_812,誰知道 在一間也算頗具規模的化學公司，,0
n_812,年輕的他三班制的原料工程師，,0
n_812,26歲三班制小意思。  小伙子畢竟算半個理工人，,0
n_812,也算勤勞認真學的算可以， 三個月試用期通過,0
n_812,試用期過的第一個上班日吧， 上周原本大夜的他這週一終於變成早班了。,0
n_790,想了幾天 還是留言給你了 你知道這一年最辛苦是什麼嗎？,0
n_790,不是等你到天亮 也不是被你冷落而失落,0
n_790,是不管想了多少遍結局 還是抑制不了想再賭一次,0
n_790,賭一次 你會不會不一樣 說過了,0
n_790,如果你沒拒絕 我就等到35歲,0
n_585,一個人回到租屋處 好像做錯事情了,0
n_585,如果留在原公司逼自己接受一切,0
n_585,生活是不是就會少一點麻煩 在已經夠多麻煩中,0
n_585,房租也成為麻煩之一 加油吧 加油再加油,0
n_585,只能這樣了 自己選擇的就要負責到底,0
n_585,跪著前進也要完成夢想 進度一片茫然,0
n_9,有人的公司宣布今年還會調薪嗎？,0
n_9,去年第四季財報應該月底或下個月初就公佈,0
n_9,感覺都在比慘的 不曉得有沒有人的公司還是決定今年會調薪的？,0
n_831,跟我媽說這件事 我媽笑到不能自己,0
n_831,他是覺得沒可能吧 走著瞧 星期五要開庭,0
n_831,一堆事情沒做 真的存在過嗎？,0
n_831,某些人某些事 包含自己 真的存在過嗎？,0
n_360,//. /21   是我聽過,0
n_360,最抒情的曲子了， 迷幻感的情歌。,0
n_360,好冷好冷的天， 而且一直下雨下雨下得非常恍神，,0
n_360,睡一會兒的話頭痛會好一點， 但沒幾個,0
n_360,小時就像能量又耗盡了一樣， 頭又會開始痛起來。,0
n_360,像是冬眠一樣， 看著手機都會不小心睡著，,0
n_360,睡得卻不是很好， 總是會在某種不舒服的狀態,0
n_360,下醒來. . . . . .,0
n_360,太冷了， 於是決定把兩隻移動暖爐抱來大床一起睡，,0
n_360,倒是真的溫暖了很多都有點熱了，,0
n_360,但 就是擠了一點， 不知道到底是對睡眠有幫助還是被干擾？,0
n_562,一直很想推薦大家家族排列 剛剛查詢下剛好有人寫過分享文,0
n_562,那我就更乾脆的來分享了 //.,0
n_562,. /3.  《公益課程》 課程費用《隨喜》,0
n_562,家族系統排列 活動介紹 喜愛學習,0
n_562,家族系統排列的我們，  內心有很多的感動.,0
n_562,. . . . .  願意分享,0
n_562,我們經由排列經驗到的療癒， ,0
n_562,來陪伴大家，  透過排列呈現內在的動力，,0
n_562,共同來探索底層動力、  一起來整合面對、,0
n_562,探索根源，  回歸愛的序位與道同行，,0
n_562,一起讓愛流動. . . . .,0
n_562,.  帶領人：王桂芳  《支持生命圓滿》,0
n_562,《隨心隨喜贊助》 這是為您 而推廣的公益活動，,0
n_562,歡迎大家一起來，  透過系統排列,0
n_562,心理學應用方法，  為自己身心的自由,0
n_562,與豐盛開啟一扇大門。  桂芳姐,0
n_562,公益課程 歡迎舊雨新知，  繼續往生命擴展邁進,0
n_562,公益家排 綿延大愛 家族系統排列公益活動，,0
n_562,歡迎報名參加 1月份報名連結,0
n_562,//. . /=2748176390840339,0
n_562,歡迎大家 大家一起健康吧 改變從跨出那一步開始（官腔哈哈）,0
n_145,在家睡到下午實在很想揍死自己但當下實在是睡意勝過一切,0
n_145,晚上就跑出門拜拜了 一直以來只要對日子迷惘我都會到廟裡求個心安,0
n_145,另外龍山寺是我個人覺得很靈的一間,0
n_145,過去求戀愛跟課業都有幫助到哈哈,0
n_145,希望這次去的另一間廟許的願望也能實現,0
n_145,真的成真再跟版友們分享   ,0
n_309,最近這期間真的太無聊 整天都在家玩手遊,0
n_309,昨天接到信用卡帳單後臉整個綠掉,0
n_309,是真的沒想到會課那麼多 帳單付完我下個月生活費不到5000,0
n_309,看完差點呼吸不過來 整個呈現一種眩暈狀態.,0
n_309,. . . . .  我妹跟我說過,0
n_309,我就是不會求助別人的個性 就算快溺死了也不會哼一聲的那種,0
n_309,她問我卡費的問題我該怎麼處理,0
n_309,我沒說話 也堅持不想跟任何人借,0
n_309,她要我戒掉遊戲 我說我人生已經夠了無生趣了,0
n_309,只說以後會節制一些 不說了 繼續玩遊戲去,0
n_309,支持我一生的信念有三：知識、,0
n_309,情愛、 和對人類無可抑遏的憐憫。,0
n_309,羅素哲學家 七大罪 嗚嗚嗚嗚嗚嗚,0
n_309,可是我人常常不在電腦前 手遊比較有吸引力,0
n_309,我以前玩任天堂會玩到破台  真的,0
n_309,比睡覺過的時間還快 我朋友之前說逛淘寶會想剁手,0
n_309,我錯了不應該笑她的 今天不敢用卡了啦.,0
n_309,. . . . .  （用力握）,0
n_309,抽卡會上癮啊 別相提並論 我一開始以為只是小課.,0
n_309,. . . . .  真 我才非洲,0
n_7,說實在話在小甜甜老公還沒影片之前，,0
n_7,我是還蠻同情小甜甜的  但是男方影片之後，,0
n_7,當然打人是不對  但是女方自己也要負責一點點責任吧。,0
n_7,說實在話我覺得不管是踹是打對雙方關係沒有幫助,0
n_7,而且衝突發生當下不是想要去化解，,0
n_7,而是開始拿手機蒐證對方  代表這關係本來就不是很穩固吧！,0
n_7,以後看到藝人被家暴的新聞我還是默默地飄過就好惹,0
n_527,覺得我的生命和時間很大花在尋找適合自己的東西。,0
n_527,剛才在找語言學習資源的時候 發現看到的很多人的心得或歷程(或是障礙問題,0
n_527,卡關順序) 都和我似乎差異很大。,0
n_527,就好像之前困惑了很久 最後才發現原來自己很大的學習障礙是,0
n_527,絕大部分的題目設計得太好猜 因為能用考試技巧猜對,0
n_527,所以自己會只記考試技巧需要的部分,0
n_527,才會明明問答都正確 卻又覺得沒有真的學會,0
n_527,後來全用非選擇題才解決這個狀況,0
n_527,以前英文的學習也類似 當所有同學都是文法很好但聽說不擅長的時候,0
n_527,於我卻完全相反 這在某自學網站定義或許算自然派,0
n_527,但其實自己明明覺得文法很重要,0
n_527,只是當時主流死背英文文法的方式,0
n_527,例外背起來 對我來說非常不合理也無法接受,0
n_527,文法書沒有完整結構 只是按順序條列規則,0
n_527,這或許適合擅長遵循規則的學習者,0
n_527,但對我這樣必須知道所以然的人根本就沒有意義,0
n_527,直到徹底系統式理解文法結構之後就再也沒有過疑義,0
n_527,(在我看來英文是非常合乎邏輯,0
n_527,結構固定的語言) 不一樣因此別人的經驗建議歷程很難參考,0
n_527,連用什麼資源比較好都得自己試誤,0
n_527,現在的問題是 接下來呢? 按部就班很多人也是可以有進展,0
n_527,可是我是不適合的話就無效無用,0
n_527,而且所有接下來呢的問題都集中在現在,0
n_527,人生核心一直在改變 決策又太慢,0
n_563,福委會改選 加入公司福委會 蠻多店家都可以打折的,0
n_563,讚讚 剛剛投票 應該不會是我吧,0
n_563,感覺蠻辛苦的 本來要開員工會議,0
n_563,但臨時取消 來睡到三點去根管治療,0
n_563,（怎麼一直在做根管：（   ,0
n_182,這一週感覺還好 除了錢包先生欲哭無淚以外,0
n_182,好像大致上都還算可以 系上活動的事,0
n_182,感覺自己給總召添了許多麻煩 我反覆的改變主意,0
n_182,一下想去一下不想去 很感謝她的包容體諒,0
n_182,不過我覺得自己這樣很討厭 但想想，,0
n_182,我不參加也好。  社團的事 我不敢開口告訴老師我要退社,0
n_182,可是我真的待不下去了 我根本沒有時間處理那些事情,0
n_182,或者說我現在只想推開所有事 不要參加任何課外活動最好,0
n_182,想專心回到自己的身上 課業也好,0
n_182,調整身心狀態也好 報告有了一點點點進展,0
n_182,真好 接下來就是真的去找人訪談了,0
n_182,希望能順利收到 練車也進步了一些,0
n_182,教練終於讓我進練習場了 不過還是一樣騎得很爛,0
n_182,下禮拜要考了 要加緊腳步練習了,0
n_182,小崩潰的點是 這禮拜爆炸忙 很難抽出時間去駕訓,0
n_182,感覺 接下來這兩個禮拜很多考試,0
n_182,很多挑戰 加油吧 一件一件解決它,0
n_182,不求滿分 只求過就好 不要太虐待自己,0
n_817,想請問 有時候會有不知道該做什麼的時候,0
n_833,之前充電 就有點接觸不良了 現在充電,0
n_833,要很詭異的角度 才充的進去 ,0
n_833,是不是在暗示我要換手機了  //.,0
n_816,剛剛用牙線 一顆補的東西直接卡住,0
n_816,雖然牙醫是說之前沒補好 不平整,0
n_816,還指著光片跟我說明 但自己牙齒爛也是事實啦,0
n_504,感覺進度啪一下展開在眼前 自己怎麼努力追也追不上,0
n_504,也許轉科是一個錯誤 但留在原本的科系只有一個名額,0
n_504,要考到全國第一名根本不可能 容錯率給七個名額還差不多,0
n_504,但一切從頭開始 覺得負擔很大,0
n_504,放假才有時間好好念書 加油加油,0
n_732,2023第一接龍 剛剛在打標題才發現,0
n_732,今天是我之前喜歡的偶像生日 的櫻井翔,0
n_612,外婆病危 還沒看最後一面就走了,0
n_612,失去回憶能力的廢物我 突然冒出好多回憶,0
n_612,這就是生而為人的證明吧 殯儀館的場合,0
n_612,跟10幾年沒見過的 血親們見面,0
n_612,人啊果然是很難變的 還有人在糾結對錯,0
n_612,為自己的行為開脫 這麼久了 依然無感,0
n_612,看著他們 淡定的回應 上輩子的我,0
n_612,果然死了 感官感受漸漸剝離 回憶無法,0
n_612,做夢也都是不認識的人事物 想好好開始人生,0
n_80,天氣太冷 又是沒做什麼事的一天,0
n_80,睡太久頭暈暈的 前幾天丟了車票還有一堆有的沒的事,0
n_80,很討厭怎麼一直破財. . .,0
n_80,想去拜拜卻都一直忘記去 昨天剛洗了一個禮拜沒洗的衣服就開始下雨,0
n_80,嘖嘖 各式各樣像這樣很不湊巧的事,0
n_80,真希望那個亂發瘋賤女人嘗到教訓,0
n_80,我覺得我脾氣算好了 怎麼有其他人還忍受得了他??,0
n_870,幾年後 會不會覺得神奇 自己怎麼撐下去的,0
n_870,或者已經不在了 又是一個得過且過的日子,0
n_774,， 家母最近對這類型的活動頗有興趣，,0
n_774,想請問版友有參與過這類活動的經驗嗎？,0
n_774,可以大略在推文分享， 若能寄站內信給我詳細分享就太感謝了。,0
n_774,我們兩個都只有用藥和諮商的經驗，,0
n_774,目前是家母非常希望可以透過一些活動來改變,0
n_774,我對離世及現況的看法@@但我個人不太確定這筆花費會值回票價，,0
n_774,畢竟我本人的個 性蠻頑固的，,0
n_774,有想過可以自己效仿遺物整理師自己試試看就好。,0
n_699,本來車票都買好 睡前退掉 現況去找醫生似乎也沒什麼幫助,0
n_699,有自殺關訪員 2月也要去見南部的心理師,0
n_699,我現在只在意進度 除了進度就是進度,0
n_699,默默破100天了 剩98天 加油,0
n_775,等下要開職工會議 又只能無聊的滑手機,0
n_775,要請一小時去法扶排律師 希望協商一切順利,0
n_775,好冷啊 冷到坐在室內都會發抖,0
n_569,今天一次夢見三個過世的親人，,0
n_569,其中也有你。  而且已經連續好幾天夢見你，,0
n_569,是否希望我和媽媽去看你呢？ ,0
n_569,對不起， 請原諒我， 謝謝你們，,0
n_396,子彈筆記 . 假 睡醒前是惡夢,0
n_396,只記得是她和他 關機 沒辦法及時紀錄,0
n_396,現在也已經想不起內容了 實在不是很喜歡被凌遲到恢復意識的,0
n_396,不知道該自稱哥哥還是叔叔 總之,0
n_396,就等妳放假放鬆完回來一起當快樂米蟲吧,0
n_396,又要彌留後的考夢境內容了 大家晚安,0
n_396,結果處在彌留狀態的時候我根本連組織句子都沒辦法（笑）,0
n_819,換個角度想想 那大概就是變成想成為的人所需要付出的代價。,0
n_819,因為要像你可以既實際又能留下那些矛盾的東西,0
n_819,想來不可能不具備強大操縱人的能力,0
n_819,否則又怎麼能扭轉情勢現實去時時符合那些相異的設定,0
n_819,最終人就得做出選擇/放棄其中之一,0
n_819,能兼得才可能都留下 終於明白於我的選項其實早已注定。,0
n_150,第一次覺得迫不及待想見到葉醫師，,0
n_150,有好多話想跟他說。  關於我變成一個空洞的人,0
n_150,關於莫名其妙卻不可撼動的執拗,0
n_150,關於面對著沒有回音的山谷聲嘶力竭,0
n_150,關於不想生不尋死卻也不知道要幹什麼好的人生,0
n_150,關於躺著睡不著、 坐著想起身、,0
n_150,站著想坐下 這些和那些 還有明明該有安全感卻覺得世界無我容身之處的好多好多,0
n_549,在處理之後參加婚禮的事 隨便開了紀錄片影集當背景音,0
n_549,但沒注意到是關於教會 連沒什麼在看都被噁心到快吐出來.,0
n_549,. .  (以下有敏感議題 請選擇性閱讀),0
n_549,之前就看過教主女兒接受訪問 談8歲時開始被教主父親,0
n_549,性侵 再怎麼假裝自己是先知 神的傳道者,0
n_549,這種行為也不可能以宗教合理化,0
n_549,想不到紀錄片居然還能更噁心 因為單純語言講述跟看到警方出的照片和現場錄音還是差別很大,0
n_549,(性侵12歲小女孩全程錄音),0
n_549,拍到神壇正中間擺白色大床 還紀錄要保潔以免性侵未成年時弄髒,0
n_549,就是個變態在那裝神裝清高 你敢宣稱是神的旨意問心無愧,0
n_549,在法庭上被問曾經跟多少未成年神聖結合幹嘛拒絕回答,0
n_549,不知道拿去餵會講什麼 就不要再給我吐那套假掰政治正確,0
n_549,什麼尊重不同文化價值觀 要是今天有族群的文化價值觀是吃人肉獵人頭,0
n_549,尊重看要不要你的人頭擺去給他們吃啊,0
n_549,睡前選到這部真是錯誤的決定 太噁心了忘不掉,0
n_218,剛剛硬著頭皮當面跟經理講了 他說要提早一個月,0
n_218,我跟他說我的身體真的受不了了,0
n_218,我要去住院了 他說他會盡快找人來補,0
n_218,要我寫離職書 一找到人實習上手後,0
n_218,我就可以離開 ===== 我曾想在這邊在新店待一輩子的,0
n_218,沒想到我的一輩子這麼短 我知道再也找不到更喜歡更適合我的工作,0
n_218,但是我的身體真的沒辦法再負擔下去了,0
n_218,只能說再見 對所有的一切 再見,0
n_218,剩沒幾天了 再忍一下吧 愛不會讓人變的卑微，,0
n_864,接受幫助並不代表你失敗了， 而是代表你不孤單。,0
n_864,. ) 支持我一生的信念有三：知識、,0
n_864,情愛、 和對人類無可抑遏的憐憫。,0
n_572,可樂平 原本吃四分之一 改吃四分之一又一半,0
n_572,還是昏睡 有想吃看看褪黑激素,0
n_572,醫生說褪黑激素效果可能沒比較好,0
n_572,當冬眠吧(/ω) .  忠於靈魂,0
n_761,在天人徘徊的時候 國泰竟然突然畢業,0
n_761,只能感謝一切 雖然不多 但至少能暫時喘息的空間,0
n_761,保險真的很重要啊 聽了10月的錄音,0
n_644,在一早送走男孩們之後終於真正進入休假模式了，,0
n_644,放在他們身上的一絲心神暫時變得很小,0
n_644,很小， 剩下我自己， 沈浸在屬於我自己的安靜時光裡。,0
n_644,自己一個人過年不知不覺已經幾年了，,0
n_644,從第一年直接出國忽略新年的氣氛，,0
n_644,第二年獨自在 幾乎空無一人的市區漫步，,0
n_644,第三年的南部海岸青旅與萍水相逢的旅人們，,0
n_644,直到今年多了男 孩們的一天。,0
n_644,其實過了除夕之後到處就都是人山人海的了。,0
n_644,今天是個舒服的好天氣， 不太冷也不太熱，,0
n_644,是個適合舒適逛街的好天氣。 一個人逛街很舒服，,0
n_644,自從過了少女時期後便很少與人一起認,0
n_644,真逛街了， 一部分是因為身邊的人都很難伺候，,0
n_644,一部分也是因為我總是忍不住在乎旁邊的,0
n_644,人的感受， 很難認真的關注自己喜歡想看的東西，,0
n_644,好像只有自己一個人的時候能夠真正的,0
n_644,關注自己。  像是在人潮絡繹的人行道邊停下來觀賞燈火，,0
n_644,或是在喜歡的櫥窗前駐足， 欣賞漂亮的布料,0
n_644,紋理， 又或者是毫無目的的隨意在路邊的休息區停留，,0
n_644,看著來往的行人， 猜想著大家的人,0
n_644,生百態， 或是隨手畫下喜歡的一角。,0
n_644,獨自看完電影， 在鄰近午夜的街上行走，,0
n_644,路邊看板顯示天氣是涼爽薄霾，,0
n_644,與曾經去過的霧 霾之都那種充滿濃重鐵鏽味的濃重霧霾比起來，,0
n_644,今天的薄霾顯得很客氣。 零星的路人在路,0
n_644,上行走， 即使大部分的店家都打烊了，,0
n_644,也能夠在夜裡安全的行走。  什麼時候，,0
n_644,什麼樣的人， 因為什麼樣的原因停留似乎都不顯得奇怪。,0
n_644,這是我最喜歡這個城 市的地方，,0
n_644,這裡當然不是完美的， 但是就是這樣自由混亂的地方收留了我，,0
n_644,在最艱難的那 段時間給了我棲身之處，,0
n_644,讓我明白世界上本無常態， 所有人，,0
n_644,所有的生命， 所有的經歷都 是獨一無二的，,0
n_644,無分好壞， 沒有對錯， 每一個人都可以追求自己想要的人生，,0
n_644,承擔自己的 因與果。  自由的呼吸，,0
n_644,自由的行走， 自由的做自己是多麼的珍貴，,0
n_644,我衷心的感謝這片土地， 能夠包,0
n_644,容我這樣的異類， 讓我安心的在此地生活，,0
n_644,休養生息， 感謝一路上許多無私的幫助，,0
n_644,讓我 明白世界比我想像的溫暖，,0
n_644,感謝那許許多多的陪伴， 像是燈火照亮了前路，,0
n_644,感謝過去的我 無論如何都沒有放棄，,0
n_644,才能有今日的我。  希望新的一年大家都能繼續向前走去：）,0
n_185,雨好大 以前曾經喜歡雨聲 不知何時開始覺得討厭,0
n_185,一點一點地像在敲打神經 睡夢中聽到也睡不安穩,0
n_185,又是上班日 4天之後， 休2天，,0
n_185,然後上5天， 休1天， 再上至少3天,0
n_185,(下個月還沒排假) 還有12個工作日,0
n_185,光想那個數字就覺得好漫長 慢慢的熬，,0
n_185,慢慢的撐 可是又有什麼等在未來,0
n_185,好像什麼都沒有 連寒暑假也無法期待，,0
n_185,完全均質的生活 這就是出社會的感覺嗎,0
n_185,我跟一個同為新鮮人的朋友聊天,0
n_185,我說我不想長大 他說， 不要抗拒長大，,0
n_185,要慢慢去接受 可是好難 好想辭職了逃回家裡去,0
n_185,但逃完之後又能幹麻 有份還算滿意的工作應該好好珍惜,0
n_185,只是如果一輩子就是這樣 人生好茫然,0
n_185,最近常常想吐吃不下 不曉得是腸胃還是壓力的問題,0
n_858,希望你接近我， 是因為心疼我、,0
n_858,欣賞我、 愛我、 是因為我值得；,0
n_858,而不是我懂事、 我好騙、  我能扛、,0
n_837,醫生開了利福全跟利舒定當緊急藥,0
n_837,自己一個人回診落東落西 急急忙忙的,0
n_837,到家找不到力健芬 下次記得要點好藥,0
n_837,利福全應該只剩4、 5顆 利舒定剩4顆,0
n_837,靠加持看能不能撐到禮拜四回診,0
n_764,要準備開工了 沒想到坐上了一班吃素列車,0
n_764,早上都是師兄師姐 感恩 下午要去弄牙齒,0
n_764,明天下午也是 嗚嗚     ,0
n_547,8年的病 好不容易放下的初戀,0
n_547,以為放下就好了 還是我根本沒放下,0
n_600,孩子 這篇文是為你而寫下來的。,0
n_600,那天， 看著電視的你 似乎被影片裡的什麼給驚嚇到,0
n_600,於是， 你慌張的東奔西跑， 尋找著誰,0
n_600,然後， 你靠近了我的身邊 那瞬間，,0
n_600,我感到了溫暖的感覺 彷彿被倚賴著，,0
n_600,一種純然而生的觸動。  而且，,0
n_600,孩子啊 你也讓我再次懂得 安全感的尋求，,0
n_600,是與生俱來的。  謝謝你， 孩子,0
n_600,我愛你， 或許， 比我自己想像的,0
n_600,還多還多      _10.,0
n_803,發病期間 完全不會想看  這類社群軟體,0
n_803,可以的話 我連也不想看 原本綠意滿滿的花園,0
n_803,基本上沒澆水就是死一整片 沒動力的人唯一僅存的動力可能就是,0
n_803,沈溺在影片(談話性節目）(一、,0
n_803,二戰戰史）、 動漫、 追劇裡,0
n_803,今年愛上聽鬼故事才能催眠睡覺。,0
n_803,感覺不是很健康。      ,0
n_498,最近加了抗精神病劑藥丸。  醫生說一般人是從一顆開始吃，,0
n_498,但我體質比較敏感， 要我晚上吃0.,0
n_498,5顆藥。  他可能沒料到我會耍笨，,0
n_498,而把和另一種以前吃過的抗精神病劑搞混。,0
n_498,所以我就在今天早上吃了1顆.,0
n_498,一整天異常嗜睡無力， 很難忍住不昏睡；,0
n_498,還一直笨手笨腳的撞到和掉東西。,0
n_498,好不容易撐回家後，  隨便爬幾口飯、,0
n_498,嚼幾口口香糖、 多喝水就睡了。,0
n_498,剛剛醒了一次， 收拾一下後，,0
n_498,再多喝水， 希望藥品能快點代謝掉；,0
n_498,評估沒力氣洗澡刷牙， 就用濕紙巾在暖爐前擦擦手腳。,0
n_498,剛剛吃了晚上的抗憂鬱劑， 現在要調鬧鐘睡覺了，,0
n_397,可能最近遇到急性壓力， 有一天突然沒辦法講話，,0
n_397,之後開始就每個晚上睡不好， 以前我是,0
n_397,可以睡十二小時的人， 半夜醒來不知道做什麼,0
n_20,這幾天突然變得好冷 突然覺得吃火鍋是加倍幸福的事,0
n_20,天冷就會想爆吃一波熱熱的東西,0
n_20,食慾整個很好  女孩們開始享受火鍋了嘛(*'▽'*),0
n_557,這就是專業啊 剛剛開完二級個案會議,0
n_557,我問說個案是不是有某遺傳性疾病,0
n_557,結果主任和之前的個案管理員 才想起來案家曾經透露,0
n_557,小時候都有固定早療 然後案家的要求也是關於疾病這方面的,0
n_557,可能是案家不敢講 只是把一切的證據串起來而已,0
n_595,因為是自己放棄了什麼 殊不知被海放的人是自己,0
n_595,也只能好好把握現下的人事物 希望是最最最低谷了,0
n_853,今天又開始對我抱持遠大的志向,0
n_853,說去兼職以後自己可以出來開個店,0
n_853,我沒有那個夢想只是我沒說出口,0
n_853,我只希望自己能找到動力活下去,0
n_853,不然我寧可期望黑夜的時間能夠拉長或是永恆,0
n_853,現在到圖書館都只找書來看 不想碰國考了，,0
n_853,做不到 勵志書有時會要求自己克制,0
n_853,但我選擇逃避， 忍耐不是我的答案,0
n_568,生涯發展 老實說真的不甘你屁事,0
n_568,我要考什麼也與你無關 你也不知道我其實要考公務員吧,0
n_568,什麼都不認識 只會一堆指教 當我是你家小孩？,0
n_568,不過那天看到一句話 兵貴勝，,0
n_568,不貴久 覺得慚愧 加油   ,0
n_53,早餐吃燻雞吐司和式的熱可可。,0
n_53,(某人買了同種牌子的兩種不同口味很認真地要我喝了以,0
n_53,後各寫五百字的心得) 洗臉掃地幫黃金葛換水。,0
n_53,洗了一批衣服本來想洗第二批但是洗衣精沒了所以(,0
n_53,喝紅茶配巧克力酥片。  中午沒吃因為不想吃(不是不餓但就不想吃)所以只啃了兩片吐司。,0
n_53,想畫某電影穿越的承花不過一想到要查資料就好怠惰啊所以((被打飛,0
n_53,稍微擦了地然後也摺了衣服。 ,0
n_53,雖然做好了要給小蘿莉的包包但是因為種種原因諸多不滿意但是要重做一個又好麻((倒,0
n_53,想用那塊藍色底的櫻花布做點什麼但實在想不出還可以做什麼啊啊(抱頭,0
n_53,喔還有其實我今天是什麼都不想要的。,0
n_53,不想醒著也不想睡覺不想活著也不想死不想做什麼也不想不做什麼。,0
n_53,在想冷氣開26度好像還是不夠冷還有阿讚吃半顆好像還是不夠之類的。,0
n_53,總之先刷牙應該是對的。  半顆不夠那就再補半顆吧。,0
n_53,電影一樣是明日邊(略 然後我好像還有一款木珠沒有串完.,0
n_53,. . . . .  附帶一提(?)還是有想衝動性購物的念頭不過想了半天實在想不出還有什麼可買，,0
n_53,這樣到底該算是好事還是壞事啊。,0
n_53,不好意思說其實我還欠滿多人包包沒做的。,0
n_637,其實很多貴人 就算我失敗很多次,0
n_637,也相信我有一天可以達成目標 證照考很多次,0
n_637,正職考很多次 還是對我充滿信心,0
n_637,儘管我自己放棄很多次 其中一張證照還是在,0
n_637,放棄的隔年拿到的 謝謝很多人,0
n_637,謝謝我自己 2023國考加油加油,0
n_787,大概是想知道我昨天幹嘛請假 但他沒問出口,0
n_787,不過隨口問了最近個案的狀況 我說了今天會加強的部分,0
n_787,一百分有抓到弱點 但是 但是,0
n_787,但是 老闆說辦公室太亂了 一團亂啊,0
n_787,0分 嗚嗚 的確 躁鬱症上次去做房務就是被,0
n_765,之後可能因為工作關係要去別的縣市,0
n_765,可是我已經看同一個醫生快三年了,0
n_765,算是比較信賴他 之前有一陣子家裡出狀況,0
n_765,回家快三個月 臨時找家裡附近醫院的精神科先拿藥,0
n_765,但感覺就好像沒原本的醫生好 感覺如果要重新找醫生是不是很麻煩@[,0
n_750,走路也卡卡的 真的很挫屎 拿人好處看人臉色,0
n_750,自由的感覺真的很好     ,0
n_805,好想吃肉燥飯啊 煮到膠質都跑出來那種,0
n_805,爆幹餓 說到爆幹這兩個字 今天諮商的時候,0
n_805,跟心理師說 我會用髒話稱讚自己,0
n_19,今天就要投票啦  下午就要上演四年一度的盛會,0
n_19,大家有沒有跟我一樣很興奮啊！,0
n_19,看到一堆菜逼巴不能投票， 哈哈哈,0
n_19,女森想好晚上要配什麼來看電視嗎？,0
n_797,剛剛看到的電影 （薪水小偷 賺走了我的眼淚,0
n_797,人生如果一塌糊塗要怎麼辦？ ,0
n_797,人生一塌糊塗是會遺傳的嗎？ ,0
n_797,先說一下導演荻上直子 很喜歡他的海鷗食堂,0
n_797,還有當他們認真編織時 這部電影的題材,0
n_797,流浪漢 遺棄骨灰的問題 等等,0
n_797,都是非常寫實的問題 盛年時依舊軟弱無力匱乏不已的男主角,0
n_797,讓我也想到了自己的困境 人生如果一塌糊塗要怎麼辦？,0
n_797,吃飯 睡覺 和別人往來以及正視自己的脆弱,0
n_797,過往不願被提及卻還是要面對 自己的悔悟及繼續走下去的決心,0
n_797,讓我很有共鳴的一部電影 去年上映時我竟然錯過嗚嗚,0
n_59,明天就是段考了我還是什麼書都唸不下去,0
n_59,兩天都跑圖書館結果不是在睡覺就是在滑手機,0
n_59,各位有什麼督促自己一定要唸書的方法嗎？,0
n_59,這次再考不好絕對會被當   ,0
n_751,網內互打免費 看到大家在網內互打,0
n_751,也是蠻欣慰的 表示還沒那麼早領便當,0
n_751,不過都可以去死一死謝謝 網內互打可以說是過年回家最精彩絕倫之處,0
n_751,覺得其中有人死了 另一個人會歡呼鼓掌,0
n_751,家之所以為家的意義     ,0
n_640,布洛芬過敏 一堆藥都不能吃 早上一直打噴嚏,0
n_640,吃年底的感冒藥 剛剛眼睛腫起來,0
n_640,看了藥單 幹布洛芬 好像感冒了,0
n_583,每個字都念得出， 但組合一起就看不懂。,0
n_583,沒有睡意， 就看書， 只是無法專注，,0
n_583,或許把英文念好吧 發現一個不錯的平台，,0
n_583,從高中英文開始下手。  不想回職場了，,0
n_583,雖然同事說可以回去找他。  但先看中醫幫忙自己調整作息。,0
n_583,對不起， 請原諒我， 謝謝你，,0
n_455,//. /504 了 應該7、,0
n_455,8顆鎮定劑 還有2顆心臟藥 還是無法停止腦袋的高速運轉,0
n_590,入職一個月老闆終於介紹我 老闆說今年不准走,0
n_590,不然他要打人 笑死 新工作還算順利,0
n_167,沒有辦法落腳， 沒有辦法安定，,0
n_167,連讓自己的貓就醫都有困難. .,0
n_167,. . . .  我真的不知道該怎麼辦了。,0
n_257,好想死掉好想死掉好想死掉好想死掉好想死掉好想死掉好想死掉好想死掉好想死掉好想死,0
n_257,掉好想死掉好想死掉好想死掉好想死掉好想死掉好想死掉好想死掉好想死掉好想死掉好想,0
n_257,死掉好想死掉好想死掉好想死掉好想死掉好想死掉好想死掉好想死掉好想死掉好想死掉好,0
n_257,想死掉我說不出任何話了我真的好想現在就死掉我不想再醒來了我可以死掉嗎我過不去我,0
n_766,你就是草莓你就是不敢嗎？  這種對我說真的不行,0
n_766,我可能會希望你殺了我 如果你真的很爛,0
n_863,想知道大家有自己的樹洞嗎? 抑或是獨自一人?,0
n_863,雖然有版但發文與留言 來回好像缺少了即時性?,0
n_863,有想過要不要創社群 但不確定帶來的影響會是好或壞,0
n_863,有人也想有個小小的舒適圈可以分享晴天陰天嗎?,0
n_66,因為養病的關係. . . 很多年沒工作了,0
n_66,(這點在面試時真的很難去交代),0
n_66,現在真的很想要有份工作. .,0
n_66,. .  可是可能因為有身障手冊的關係,0
n_66,而且年紀已大的關係 (41歲了),0
n_66,投了一些履歷表. . . 也面試過很多家,0
n_66,都沒有肯用我的 104銀行也有開,0
n_66,也沒接過通知 曾經試過要去找身障就業媒合的單位.,0
n_66,(他們好像比較偏媒合肢體障礙),0
n_66,可是聽說那個最後只會把我這種精障者轉介去複健機構而已,0
n_66,(就算有工作也只有6個月是嗎??.,0
n_66,. 聽來的) 沒工作真的不是辦法.,0
n_66,. 真的不知道該怎樣辦啊 還有是額外提的.,0
n_66,. .  生活圈都沒人. .,0
n_66,. . . . . . 一個人真的好孤單啊,0
n_100,先上圖 //. . /257.,0
n_100,其實想說些什麼， 可是我沒有說；,0
n_100,其實想做點什麼， 可是我沒有做。,0
n_100,其實故意避開跟你碰面的機會，,0
n_100,因為知道你在井底。  因為說服自己相信你說的那些東西，,0
n_100,所以忍耐又忍耐。  我翻了一個巴洛克式的白眼，,0
n_100,百分之百的信任， 不要輕描淡寫地說。,0
n_100,我很想要安全感， 一點點就好。,0
n_100,可是， 卻感覺自己像很髒的東西或臭臭泥，,0
n_100,你避之不及卻說是因為所以 都是為他好吧？,0
n_100,如果他才是重要的人，  請不要浪費我的信任，,0
n_100,當我承諾會信任的時候， 是百分之百，,0
n_100,超乎你想像的珍貴。  不要把我的用心，,0
n_100,用來培養你和別人的感情。  這樣不道德。,0
n_506,抒發心情， 過不去的坎， 藉由彼此交流，,0
n_506,可以讓大家暢所欲言， 想加入的請留賴。,0
n_760,可能因為打針睡得不錯 打針的手臂有痛感,0
n_760,一切還是伸手不見五指那樣 好想吃一顆,0
n_760,一下 怎麼可以浪費呢 不知道僅存的這些可不可以渡過,0
n_830,本來週末要帶回家做的報告書 紙本最好都放在公司,0
n_830,忘記帶回家 星期三要交 晚上回家應該也沒力氣做了吧,0
n_830,嗚嗚 睡一下 下午找一下電子檔,0
n_556,倒數一個月了 加油啊 基本上明天出庭不要有什麼大亂就好了,0
n_556,希望大事化小小事化無 平平安安的結束這回合,0
n_842,最近很奇怪 感覺性傾向一直在流動,0
n_842,有時候比較喜歡男生 有時候比較喜歡女生,0
n_842,唉 亂七八糟的       ,0
n_842,. /7.  本來就都喜歡 只是喜歡的程度會流動,0
n_845,除了躺在床上度日 就是出門暴食,0
n_845,精神肉體的休息都無法滿足 連照顧自己都覺得乏力,0
n_845,雖然算是死了 但還在呼吸著 早已掉出社會安全網了吧,0
n_845,任憑事情發生卻完全不想阻止 恐怕吃了藥才能死者復甦了吧,0
n_845,房間也清理得差不多了 下一步就是辭職了吧,0
n_629,二點吃午餐 現在又餓了 南迴的路上,0
n_629,七點半才會到站換車 還有一小時,0
n_299,反覆夢見自己在一間老舊的房舍裡，,0
n_299,摸黑點燈。  開關是很老舊的栗子造型、,0
n_299,也有點像是心臟造型那種， 按下去黃色燈泡裡會有星火閃爍。,0
n_299,即便點燈， 室內依舊昏黃， 門外縈繞著幽魂的低語。,0
n_299,像是死寂卻又喧囂異常。  我反覆在夢中醒來，,0
n_299,彷彿無止盡的夢中夢。  現實跟夢境的分界好像愈來愈模糊了，,0
n_299,現實感有點失焦。  我會不會就這樣死在夢裡？,0
n_871,又變胖了 跟去年的這個時候相比,0
n_871,胖了五公斤吧 ( 唉 ( 星期一、,0
n_871,星期三中午固定吃沙拉好了  //.,0
n_378,工作的時候聽著安溥說話的聲音真的讓心情愉快起來。,0
n_378,前幾天被人用一個我覺得很爛的理由拒絕了，,0
n_378,但什麼理由都是假的， 拒絕才是真的，,0
n_378,所以我沒有繼續問下去。 我好像很擅長搞砸和人們的關係，,0
n_378,有時候也會為我從來沒有和那些人們好好道別而感到可惜，,0
n_378,可是真的遇到了同樣的狀況我大概還是不會向他們說再見。,0
n_378,大家總是說是我是為了你好^_^，,0
n_378,但我是自私的， 正因為我自私我才去尋找答案，,0
n_378,所以你也可以是自私的。 你只要說不客氣就好了的，,0
n_378,不需要再加上一句是為了我好，,0
n_378,你可以只為自己著想的， 我也不用你為我好，,0
n_378,為你自己好就好了， 可惜都說的和做的不太一樣哈哈。,0
n_378,最近的失眠問題好轉了很多很多，,0
n_378,除了昨天之外其實沒怎麼受到失敗的影響，,0
n_378,可能和我重新開始運動也有關係，,0
n_378,如果有板友同樣受失眠影響的話，,0
n_378,可以試試看運動， 希望能幫助到你。,0
n_378,失敗對我的影響沒有到很大， 也許我早就預料到結局做好了心理準備。,0
n_378,有朋友說我話很喜歡只說一半，,0
n_378,或許我只是想把話說給我自己聽吧,0
n_378,所有人都會離開， 即使你不走，,0
n_378,我也會走。  希望大家都可以得到自己想要的結局，,0
n_564,前公司 手癢去看他們網頁 形象照已經被拿下來了,0
n_564,今天看到粉絲頁新文有我之前拍過的照片,0
n_564,這無非也是一種肯定吧 曾經信誓旦旦要成為公司的攝手,0
n_564,可惜是無法達成了 昨天把身特的報名表寄出去了,0
n_597,這陣子還是每天看版 也常常想發廢文,0
n_597,但是打沒幾個字就又覺得算了 很懶得陳述自己百無聊賴的人生,0
n_597,明天要回診了 本想烤一盤馬卡龍送顏醫師,0
n_597,結果 許久沒做生疏了 整盤徹底失敗了,0
n_611,好噁：（ 讓人想吐 不該碰咖啡的,0
n_611,星期五要尾牙晚上無法有進度 今天要加緊抓一些進度,0
n_611,加油加油 早上郵局打給我問我申請文件的內容,0
n_611,唉：（ 照程序走應該不會有問題,0
n_29,頭痛啊 是偏頭痛 左邊 好像被大鋼釘從眼窩打進去一樣,0
n_29,哭哭 想睡一會但總是睡不著 今天上課又聞了一下午的福馬林,0
n_29,簡直像頭痛促進劑( 想換一個頭,0
n_794,睡了一整天 ( 工作的事還沒有弄,0
n_794,然後想玩的遊戲也還沒有玩 亂七八糟的,0
n_794,可是肚子好不舒服 ( ( (,0
n_811,大家都辛苦了 今天出太陽 吃著早午餐,0
n_811,大家給大家一個擁抱吧 也謝謝你們活著,0
n_811,謝謝你們的溫暖 我愛你哦 //.,0
n_835,真的很不想去上課 遇到人很可怕,0
n_835,考試很可怕 昨天我媽打電話來問我成績的事情,0
n_835,(上學期的成績單寄到家裡了 然後整個人又不好了,0
n_536,他們一定很討厭我 下午主管跟我要一些認證的時數,0
n_536,有些重要的部分要送去縣府審核,0
n_536,去翻了之前認證的時數 發現多了一些前公司的時數,0
n_536,而且公文上還寫我是講師 如果不是我喪失記憶,0
n_536,那些公文根本不是我發的 後來下載公文來看,0
n_536,承辦人是一些前公司其他部門的人蓋章,0
n_536,他們一定覺得我沒做這些事就落跑了,0
n_536,唉唉唉 很多心理小劇場 我甚至前陣子還想跟老闆道歉,0
n_536,但想一想不友善的是環境和工作條件,0
n_536,現在只聯想到行政學的激勵理論,0
n_536,其他都不重要了 今天部門拿獎,0
n_536,明天會公佈最高積分的部門 從剛進來的墊底,0
n_536,到現在第一第二的成績 工作能力一定也被肯定了,0
n_536,努力幸運 感恩 在家族群組裡面陰陽怪調的發言,0
n_536,是有病嗎？  那天醫生差點說明白他有憂鬱症吧,0
n_536,後來錄音有聽到 真的有病  ,0
n_323,什麼時候開口好呢？  但開口，,0
n_323,是告訴他， 下一份工作你可以做的更好.,0
n_323,.  所以還是殺了，  而且殺給兩隻猴子看.,0
n_323,.  殺伐決斷 第一次被賦予任務的時候，,0
n_323,老闆跟我說：妳要練習阿(開口,0
n_323,) 這是我殺的第二個 也許再多幾個，,0
n_323,真的會習慣吧. .  真的好尷尬.,0
n_323,.  還沒說出口前的每一秒都是尷尬.,0
n_538,我非常喜歡金繼的概念。  之前跟京都工匠世家年輕一代的老師上過課,0
n_538,修補並不是容易的事 僅僅只是最容易最簡單的缺口,0
n_538,也要花上來來回回多次 修補放置(時間以星期計)再修補再放置的過程,0
n_538,如果談效率談划算 絕對不值得,0
n_538,而殘缺破碎的物件在金繼之後 當然也不會跟原本一樣,0
n_538,如果看的人用”原本”的標準 金繼對他們毫無價值,0
n_538,但我喜歡金繼的一點是 它完全無意遮掩改變那些歷程和修補的痕跡,0
n_538,也根本不認為有遮掩的需要 而是把曾經的不完美和殘缺變成獨一無二。,0
n_538,老師對於完美細節的標準連我這種一般被視為龜毛的人都覺得難以想像,0
n_538,接面必須百分之百完美 無論強度實用日常使用上才能比原本的器皿還要優秀,0
n_538,甚至某些不適合修復的狀態 老師說他會花上幾個星期幾個月的時間輕敲到適合修復的情形,0
n_538,之所以要花這麼多時間耐心是因為,0
n_538,過分加諸外力和天然的差別 對他來說很容易看得出,0
n_538,金繼的初心是珍惜 從他對待的態度,0
n_538,你能真正體會這兩個字的意義 珍惜不是隨口說說而已,0
n_538,是慎重是全心全意是願意全力付出物質時間。,0
n_538,金繼很美 (也很昂貴) 但得問問自己,0
n_538,你夠珍惜嗎？  人生的一切無論在那個點,0
n_538,美好的時候也好 不好的時候也罷,0
n_538,每個點每個當下都是自己的決定,0
n_538,也只有你自己能決定。  . ,0
n_538,自從上網聯絡詢房貸的事之後 24小時內大概就收到30幾通未接來電,0
n_538,真的不想週末還要處理討厭的事,0
n_522,前幾天去超市， 看到一對母子，,0
n_522,小孩大約兩三歲吧，  明明不是什麼重要的事(至少我覺得不重要)，,0
n_522,每隔幾秒就喊媽媽，  媽媽也每次都很慈祥的回應他。,0
n_522,真的是每隔幾秒就喊一次， 我不是他娘都覺得快煩死惹，,0
n_522,就趕快離他們遠遠的。  其實不算吵了，,0
n_522,我小時候好像也經歷過一點小事就喊媽媽的階段，,0
n_522,但每天都這樣應該很消耗媽媽精神力。,0
n_522,真佩服天下媽媽有應付小孩的耐性。,0
n_772,//. . /2.  看到豆苗先生這則發文,0
n_772,想到初戀 對不起當初傷害妳 我真的好想親自跟妳道歉,0
n_525,也算是鬆了一口氣 從小不間斷的感覺,0
n_525,自己一定會惹出什麼麻煩事 很大的那種,0
n_525,原本以為是殺人放火 但就是如此,0
n_525,也算是鬆了一口氣 求的籤很不妙：,0
n_740,孩子 過年假期轉眼即飛逝~ 這段時光裡，,0
n_740,有你們， 我們好幸福好幸福 聽著你們說話、,0
n_740,唱歌、 笑鬧 開心著你們的開心。,0
n_740,有你們的陪伴， 我貪心的想要更多,0
n_740,但是， 其實已經很豐厚滿足了，,0
n_740,謝謝。  愛你們， 愛你們，,0
n_740,一直一直愛著 然後     把你們的勇氣借給我用一下下哦^^,0
n_215,很難得這時間我不是在睡回籠覺,0
n_215,(但是睡眠品質不佳的結果就是清醒了一個半小時就又開始累了),0
n_215,因為半夜睡兩小時就醒了 後來69平常醒來的時段變成在睡,0
n_215,所以現在變成清醒的時段 昨天有占卜師的鼓勵,0
n_215,有時候覺得自己準備好想熱切好起來的時候,0
n_215,會有人給予幫助 但是只是一時的,0
n_215,爬起來能撐多久還是要靠自己 塔羅牌真的是很神奇的東西,0
n_215,真的 曾經去查過塔羅其實就是自我潛意識,0
n_215,那麼為何可以透過遠距線上讓對方抽牌來反映我的潛意識呢,0
n_215,真的很神奇 運作原理是什麼 如何連結到我的潛意識？,0
n_215,占卜師說對方很大男人 妳為了這段關係改變退讓了很多,0
n_215,這段關係中妳也比對方優秀的 妳不知道嗎？,0
n_215,真的不知道 因為在感情中 我唯一看著的是希望對方不要甩掉我,0
n_215,期望他能更愛我疼我 (雖然根本半放棄,0
n_215,只是心中期待) 妳要學著多愛自己一點,0
n_215,連分手後他也這麼對我說 真的聽到爛了,0
n_215,到底什麼叫愛自己 我努力學習著,0
n_215,從與寂寞共存開始 雖然昨天太悶熱我不喜歡,0
n_215,今天比較涼很好 可是沒太陽我更不喜歡：(,0
n_715,新年新希望 1.  不看 和,0
n_715,浪費自己的時間關注別人的人生,0
n_715,2.  開始自己的目標， 為了十年後的自己,0
n_715,3.  看完一直想看的劇， 電影和書,0
n_715,4.  開啟行動 5.,0
n_715,.  6.  相信自己永遠可以重新開始,0
n_567,因為要回診， 所以下午就沒有睡。,0
n_567,醫生說要儘量調整作息。  以前也是這麼跟你說，,0
n_567,你總是說有困難，  而我們總認為你在找藉口。,0
n_567,媽媽念我時， 我想起了以前對你的指責，,0
n_567,對不起， 請原諒我當時的不懂，,0
n_567,謝謝你， 我愛你。  ~~~~~~~~~~~~~~~~~~~~~~~~~~~~~~~~~~~~~~~~~~~~~~~~~~~,0
n_567,完全無睡意. . . . .,0
n_567,230左右 貓倒是睡著了， 該躺下睡一下嗎？,0
n_839,今天親戚來公司幫大家上課 問問題的時候直接說,0
n_839,那我們請55回答 我們那一組的有些人不知道那是我親戚,0
n_839,很訝異說 講師怎麼知道你的名字？,0
n_839,旁邊的趕快跟他說那是55親戚啦,0
n_839,親戚真的也只是姻親的陌生人啊,0
n_73,最近好無聊喔， 都沒有人可以陪我聊天,0
n_73,整天一直滑手機滑到眼睛好酸 有誰可以陪我聊聊天嗎？,0
n_804,如題今天犯蠢無極限 無論在哪個場合,0
n_804,但. . 還是很開心熟悉的人事物都在,0
n_804,好像有種莫名安定感. ？  /,0
n_804,之後沒有諮商資源了得告訴自己不要猶豫,0
n_804,心裡不能再被 牽走 / 祝大家連假愉快^^,0
n_769,如題 之前逛超商會忍不住買啤酒,0
n_769,或是每個禮拜給自己設定幼稚喝酒日,0
n_769,最近改喝可樂和氣泡水後，  跟以前嚼口香糖或軟糖等,0
n_769,也透過動漫音樂轉移注意力 哈哈比較有健康身體才能稍微有動力,0
n_769,雖然藥的部分還沒成功戒就是了.,0
n_312,//. . /.  物質生活,0
n_312,快不快樂 好像變得不重要了 有這樣想法的我好像越來越嚴重了,0
n_865,不是出自自己的選擇 永遠都想要放棄,0
n_865,為別人而活這觀念一直銘刻心上,0
n_865,沒有為自己而活的感覺就沒有往前的目標,0
n_865,但說很簡單， 做卻困難 我還是會在意別人，,0
n_865,做我自己不想做的事 一直苟活著,0
n_865,心裡除了希望有什麼力量能把我從困境拉出來外,0
n_865,每天起來只有疲倦 目前唯一有動力是去圖書館看書,0
n_865,也就是閒書 不代表我未來想去考圖書館員,0
n_865,我覺得那本質不一樣 不是說我愛吃麵包就一定得去做麵包,0
n_865,沒主見但很討厭就表明說我一定符合這份工作,0
n_135,手機排版請大家見諒 下週才是期末考週,0
n_135,但有些科目提前考 所以今天早上應該是有考試的,0
n_135,雖然之前想讀都讀不下去 但老師說可以,0
n_135,所以昨天晚上還是有稍微看了一下書,0
n_135,順便把重點標出來比較好找 想說運氣好說不定還有些送分題可以寫,0
n_135,我怕自己今天早上又起不來 特別訂了好幾個鬧鐘,0
n_135,最後到學校時勉勉強強趕上考試時間,0
n_135,但是我卻沒去考 反而跑到圖書館塞上耳塞,0
n_135,用原本應該是要拿來考試的課本墊著睡覺,0
n_135,連早餐都沒吃 好想吃藥但是胃又好痛,0
n_608,等下又要做根管了 希望今天可以完成,0
n_608,做顯微根管可以一次完成（的樣子,0
n_608,但要一萬五 只能做傳統健保的根管,0
n_608,希望打麻藥不要太痛     ,0
n_735,最近天氣冷 但依然努力維持自己的興趣,0
n_735,早上經歷過帳號之亂 現在終於可以稍微安心了.,0
n_735,.  （年尾的尾巴注大家新年快樂，,0
n_735,多進步）       21016.,0
n_736,我有去倒垃圾 上廁所 刷牙 吃藥,0
n_736,喝水 我很棒 可是最該做的讀書寫習題沒做,0
n_334,三顆利福全和贊安諾寶貝一顆 還是沒想睡,0
n_334,跑去爆食 好想學會催吐 吃了好多甜膩的東西好想吐,0
n_334,五月的傷現在還沒好 每天都提醒我自殺未遂的痕跡,0
n_610,剛剛在咖啡店工作 一邊看文件,0
n_610,正要拿起咖啡 然後就打翻了 該說是咖啡放了15分鐘還那麼熱的錯還是我太手殘,0
n_610,本來想自己擦 自己的鍋自己背,0
n_610,結果灑到隔壁桌地上無法自己清理只好拜託店員,0
n_610,店員還請我進去員工辦公室沖冷水,0
n_859,該來了嗎， 持續的發作 總覺得全世界都對不起我，,0
n_859,總是在想如果少了我世界會不會不一樣,0
n_821,前天隔壁房客一直捶牆壁 程度到那種感覺嗑藥的地步,0
n_821,隔天跟房東說要搬家 之前有簽約說,0
n_821,如果有醫生證明可以退押金 房東問我還有別間要不要看,0
n_821,昨天大概搬了1/2 早上還在打瞌睡,0
n_821,今天明天要搬完 雖然房東沒有押日期,0
n_821,但還是早點整理給他好了 也沒有另外收費,0
n_636,醫生上次聽為我的誤解 跟我說了什麼是臥薪嘗膽,0
n_636,醫生說臥薪嘗膽不是自虐   ,0
n_133,今天早上一醒來就發現自己四肢無力,0
n_133,完全沒辦法起床， 硬是在床上滾來滾去，,0
n_133,想用枕頭把自己撞醒出門上班 就這麼折騰到1點多終於成功出門了,0
n_133,感覺自己的狀態給主管跟同事帶來了很大的負擔,0
n_133,下午憑著能力飲料的衝勁盡量完成一部分的工作，,0
n_133,希望能夠減輕對其他人造成的麻煩,0
n_133,2017年最後一天上班了 希望明年一切都會開始好轉,0
n_133,至少讓我明年第一個禮拜能夠成功起床吧,0
n_641,轉念一想 是不是掌握了 密碼,0
n_641,既然對某藥過敏性休克過 是不是直接集中火力？,0
n_641,急診中 等下要打抗過敏藥物 ,0
n_546,好奇問一下 因為今年43歲了,0
n_546,有45歲左右 比較容易錄取的友善工作嗎？,0
n_546,基本工資以上其實就可以了 工作環境也不會太高壓力的,0
n_546,今天去公職補習班詢問有關圖書館考試,0
n_546,工作人員跟我說 圖書館的缺很少,0
n_546,叫我考慮其他考科 但我也不知道抗壓力差的人,0
n_546,適合考什麼考試 就先回家了 或許約聘人員也可以,0
n_546,只是不知道有沒有比較適合45歲左右,0
n_781,每次都要裝作是智障感覺很窩囊,0
n_781,為什麼要這樣子活著 感覺很不舒服,0
n_781,好像裝得太嚴重了 直接說會收到,0
n_781,唉唉唉 能健健康康誰不想啊 ,0
n_99,昨天去看了精神科， 確診為憂鬱症,0
n_99,開了藥然後回家吃看看有沒有副作用，,0
n_99,下週回診 搭公車回家的路上一直在思考要不要告訴家人,0
n_99,. . .  所以通知了感情比較親近的妹妹，,0
n_99,妹妹覺得這件事情必須要告訴媽媽。,0
n_99,只是我不知道自己應該要怎麼開口？,0
n_99,也不知道說了之後會不會讓媽媽覺得很麻煩？,0
n_99,覺得怎麼都一個20歲的人了還把自己顧成這樣？,0
n_99,. . .  抗拒出門上學進食接電話，,0
n_99,我甚至不知道自己現在到底應該要做什麼才對,0
n_99,強迫自己出門走走曬太陽轉移注意力，,0
n_99,只要一踏出家門就想回家， 在家裡比較有安全感，,0
n_99,可是又知道自己不能這樣整天關著。,0
n_99,我都知道， 可是我不知道要怎麼辦,0
n_813,整理了房間 把尾牙抽到的家電箱子拿去回收,0
n_813,家電扛回家了 箱子也不需要 尾牙都多久了,0
n_813,擦了地板 明天可能會請管理員來看,0
n_813,我的遙控器是不是壞了 所以才整理一下,0
n_813,總是會消失的藍筆 要寫字時總是找不到,0
n_813,明天要上班 有點懶洋洋的 加油,0
n_36,於是我又熬了一整天的戒斷. .,0
n_36,. (悶 就像之前吃威柏雋一樣.,0
n_36,. . 有時候會突然覺得身上某些肌肉麻痺了一下,0
n_36,或是不時覺得身體要沒電一般突然昏倒,0
n_36,因為今天起床發現已經11點多.,0
n_36,. .  趕著去學校把休學要弄得兩個手續跑完,0
n_36,藥罐子忘了帶. . . 偏偏我的記憶力又很差,0
n_36,等想到的時候戒斷都已經很嚴重了,0
n_36,然後還是跟之前一樣的狀態 頭暈.,0
n_36,. . 太陽穴異常的感覺 搭公車甚至會暈到想吐,0
n_36,還好忍過去了. . . 回到家趕快吃藥以後才覺得好像從地獄中爬出來,0
n_747,走到這裡人生還是挫屎 生而為人我很抱歉,0
n_747,一手好牌整個打爛 覺得很抱歉,0
n_747,對自己 對所有善意的支持 好高好痛,0
n_747,但挫屎還是要面對的     ,0
n_606,心臟砰砰跳 上班時間到 又是一個需要吞恩特來壓心跳的日子,0
n_606,兔年一開始就犯太歲 可能需要去安太歲看會不會順遂一點,0
n_606,336.  我好像也需要點一下,0
n_530,今天去問觀音（類似能接收觀音訊息的人）,0
n_530,問憂鬱症 之前有去問過一次 在去年,0
n_530,她說我今年會好 今年到了 我找她問,0
n_530,她說我在情感糾結 確實 我一直很對不起初戀,0
n_530,儘管已經要8年還放不下 要我畫畫,0
n_530,她說那是我的專長 的確 我從小就喜歡畫畫,0
n_530,目前有一天沒一天去畫室 她說四年過去我再來求姻緣,0
n_530,我根本撐不到四年 明年就預計登出了,0
n_806,慘了 週六躺了整個白天， 下床已經天黑,0
n_806,又浪費了能打掃一個週六白天 ，,0
n_806,今晚估計是都難睡了     ,0
n_807,如題家裡多一個新成員 （毛小孩）,0
n_807,多一個陪伴感跟莫名的正向療癒.,0
n_807,/ 雖然過往前一隻陪伴我從小到成人歲數,0
n_807,期待他未來能跟我去冒險更多跟有回憶.,0
n_807,大家注意保暖~連假愉快.  ,0
n_632,如果不是有社會觀感的問題的話（還有銀彈數量問題）,0
n_632,覺得這樣每天的廢人生活實在很愜意,0
n_632,追自己喜歡的劇 看自己喜歡的小說,0
n_632,有什麼想法或社交需求就跟有同樣興趣的網友互動就好了,0
n_632,反正每個月大概只有濾泡期才會有實質社交需求或是對外界的好奇心,0
n_632,算起來只有一個禮拜 其他時間基本上處於腦霧封閉狀態。,0
n_632,要是能當個有錢的繭居族多好。,0
n_632,不過， 現在生活的便利不是憑空而來的，,0
n_632,所以妄想只能是妄想。    ,0
n_808,覺得不舒服 是不是關心就是一個藉口,0
n_808,就有資格知道你的事情？  喔我只是關心你啊,0
n_808,你知道我關心你的 我很關心55,0
n_808,我真的很關心你 喔是喔 那你怎麼不給我零用錢,0
n_808,笑死 零用錢是個開玩笑的 只是覺得很有趣,0
n_808,是不是關心就是一個無敵星星 傻眼,0
n_221,該怎麼讓自己做事. . . ,0
n_221,我已經好幾天耍廢了. . .,0
n_221,我一直在睡覺. . .  每次都很想跑回床上,0
n_221,即使沒在睡也想躺在床上. .,0
n_221,.  我越來越不敢跟實驗室的同學們講話了.,0
n_221,. .  看著自己越來越廢 越不敢跟人講話.,0
n_789,那時候想破頭 為什麼他是特教生？,0
n_789,講話正經八百頭頭是道 而且近乎在辯論,0
n_789,同學跟我說 阿不就亞斯伯格 第一次對這個症狀的認知,0
n_843,不論朋友或是客戶 也不管彼此是否相識,0
n_843,被這麼多人喜愛的你 享受著被愛也享受著曖昧,0
n_843,應該忘了單戀或失戀是什麼感覺了吧,0
n_314,凌晨時在板看到有板友被戀愛詐騙,0
n_314,花了點時間推文 後來睡著 又是一直醒來的一夜,0
n_314,最近又開始吃不下東西 吃也吃不下，,0
n_314,睡也睡不好 這種日子到底要怎麼過下去,0
n_314,原來睡不著吃不下 叫做心理素質差,0
n_314,會講出這種話的人 我只能說祝妳一生平安健康,0
n_314,有一天妳也倒眉生病了 妳就會知道講這種話有多無知跟自以為,0
n_314,我多想相信妳一直是像初識時那摸美好,0
n_314,我們好聚好散各自往前走 可妳後來的行為真的只有刻薄現實能形容,0
n_314,最後我不得不承認妳就是個 就是個,0
n_314,就是一個 何其不幸遇到妳 毀了我的人生,0
n_773,看過很多歌手在的照片 但這圖還蠻特別的,0
n_773,是在呼應自己的第一首歌嗎？ ,0
n_773,//. . /3.  祝各位情人節快樂啊,0
n_754,查使用者 07 於 02/03,0
n_754,發未滿20字文章被刪文後，,0
n_754,又於同日再發表未滿20字文章，,0
n_754,經推文提醒後未改善。  第一條,0
n_754,凡未分類、 自創分類、 未滿20字（不含標點符號）之文章，,0
n_754,含有自殺、 自殘、 相關內容，,0
n_754,未在標題加註有雷或雷者，  初犯者板主將直接刪除文章，,0
n_754,不另外公告或通知。  其後發文或推文仍未改善者劣退水桶一個月。,0
n_754,三犯永久水桶。  07 違反板規二，,0
n_754,劣退水桶一個月。  以上公告直接轉寄給使用者站內信箱作為水桶通知信，,0
n_754,公告及原文已收於精華區 18板主工作室,0
n_754,以便以後查驗。  支持我一生的信念有三：知識、,0
n_754,情愛、 和對人類無可抑遏的憐憫。,0
n_852,//. /?=9111_4 最近迷上日本的祈福音樂,0
n_852,覺得這個祈福播放清單聽下來很舒服,0
n_852,推薦給大家 淨化心靈 感受到平靜,0
n_852,帶來更多好運 若睡不著可以聽聽,0
n_810,感謝版的存在， 總是可以在狀況不好的時候，,0
n_810,讓我有個發廢文的空間。 不知道在日漸沒落之後,0
n_810,又能去哪裡發發廢文？    ,0
n_537,最近重刷了這部戲 忽然把女主角的形象和熟人聯結在一起,0
n_537,有些人看似可憐 可是卻是心比天高,0
n_537,不肯面對現實 有點錢就要買奢侈品,0
n_537,想幫忙也幫不上性格往往決定命運。,0
n_537,應該也是病中的我傻 或者是時常有雷念頭沒有正常的判斷和保護自己的反射能力,0
n_537,才會覺得可以去挑戰 而看不清別人有他的課題使他陷在這困境。,0
n_537,女主角有幾個很致命的地方讓他不能善終（就算給她想要的她應該也無法贗足）,0
n_537,太勢利但是只看外在不會挑選良駒,0
n_537,一旦沒有利用價值馬上翻臉鄙視對方,0
n_537,有小聰明但是眼界狹窄， 只看短線,0
n_537,一定要比人強 非要裝排場 一定要比人快得到,0
n_537,不會停損 人心不足蛇吞象 從來沒有冷靜下來分析利弊,0
n_537,因此每個可以回頭的機會都被她給拒絕了,0
n_537,小水的演技很好， 每一個表情都能牽動情緒，,0
n_763,本來是太菜時是能力的問題 人的問題曾經是我的問題,0
n_763,但現在又回到了能力的問題 幾年前被某醫師說,0
n_763,我發現55 你工作從來都不是能力的問題,0
n_763,而是人際的問題 大概到前前公司,0
n_763,就是當上的老闆力保我考上現職的那間,0
n_763,我開始改善人際的問題 細節寫在上,0
n_763,大概如下圖 //. . /5.,0
n_763,//. . /2.  上一間公司所謂的能力問題,0
n_763,因為證照學經歷太好看 董事會決定給我身兼多職,0
n_763,還當主管要管人 老闆也一直加工作給我,0
n_763,直到我受不了而離職 現在的工作,0
n_763,只要管好分內事 不用管太多事情,0
n_543,不可思議 我怎麼會這麼忙 上完一堂課又報名一堂課,0
n_543,（好不容易休息幾周不用交作業又要繼續陷入每周作業）,0
n_543,當完幾個月的助教又要繼續當助教,0
n_543,（才幾周不用收作業 又開始每天數死線的日子,0
n_543,忙到靠北 媽的我今年如果沒有看到我理想的目的地我會森777777777777喔,0
n_543,然後老闆說想要增資擴編加快進度,0
n_543,壓力山大 真的不會倒嗎？ 我還想這樣爽爽過日子,0
n_543,擴編之前先給我加薪啊說好的要加薪呢,0
n_195,//. . /627.  很久很久沒有在深夜裡靜靜的一個人吃泡麵了,0
n_195,至少婚後就不曾再有了 泡麵也是吃氣氛的(誤,0
n_545,早就是不可分割的一部分 是啊是啊,0
n_545,好不容易走到這裡 知道家人是愛我的,0
n_578,這兩天抽的籤都不太好 也不是不好,0
n_578,大概就是要我多做善事 唸書的方向要改,0
n_578,加油加油 一定考上啊    ,0
n_820,要像那時，  密謀訴訟司法，,0
n_820,以言語入罪，  集結人員， 不擇手段強制入院(手臂上還留存傷疤)，,0
n_820,三人成虎， 構陷汙蔑。  還有什麼嗎？,0
n_820,不信社會的公理正義了，  它只屬於人多勢眾的一方，,0
n_820,它只屬於暗地謀劃的一方。  但願因果循環，,0
n_820,報應不爽； 天理昭彰， 疏而不漏。,0
n_820,只要能再見到你， 我就什麼也不怕。,0
n_820,你放下， 好好的走，  有怨、,0
n_820,有恨， 讓其化作心念實現就好。,0
n_183,好想把一切都毀壞. . . .,0
n_183,. .  不知道為什麼， 一直有很強的衝動,0
n_183,所以常常課前面修好好的到最後爛尾，,0
n_183,實習表現不錯卻最後一天爆炸 老師們都表示惋惜與不能理解,0
n_183,我也不能理解 最近又有一個東西要完成了,0
n_183,又是重要， 急迫的（已拖到死線前,0
n_183,現在還沒再次開工， 一直等著自己再次開工,0
n_183,但目前都只有強烈的逃避感 與不知該說是大或小的破壞慾.,0
n_183,. . . . .  我也不知道在這裡打出這些是為了什麼,0
n_183,絕對不是期待有人能讓我趕快回去面對那東西,0
n_183,所以， 只是想說出來吧. .,0
n_183,. 是這樣嗎？  有人會聽到嗎？,0
n_183,可以不輕不重的接下它嗎？  一種冷眼站一旁觀察著的感覺嗎？,0
n_183,我的有點像. . . 一直穩定走在正軌上、,0
n_183,然後突然一頭撞向旁邊牆壁的感覺。,0
n_8,今天出門前看外面地是濕的 但看起來又像雨停了,0
n_8,男友出門買早餐 回來後跟我說外面沒下雨,0
n_8,但因為之前被”騙”太多次 所以我說：就算你說沒下雨，,0
n_8,一滴雨都沒有， 我還是會穿雨衣出門,0
n_8,果然我出門後 騎著我的歐兜麥，,0
n_8,安全帽的面罩上 開始有一小滴的水滴淋上來了,0
n_8,騎到捷運如果沒穿雨衣 肯定衣服會濕啊,0
n_8,想問問男生是不是覺得毛毛雨=沒下雨？,0
n_869,一個是打來講公司的事 一個是打來講自己的私事,0
n_869,乾我屁事？    要不要換公司乾我屁事,0
n_869,是要付我諮詢費嗎？  要打官司乾我屁事,0
n_869,又跟前男友葛葛迪 啊是在騙自己,0
n_869,就不用問別人意見了     ,0
n_16,好奇問一下  心情平靜的感覺真的很好,0
n_16,比興奮、 開心、 快樂、 激情更好,0
n_16,但重點是  要如何常常保持心情平靜？,0
n_16,感覺不是常常能進入這種狀態 ,0
n_731,鼻塞 痰 喉嚨痛 也傳染給家人,0
n_731,媽媽哥哥都被傳染 病毒很可怕,0
n_520,鬧鐘沒響 沒人相信我 測試了一下可以響沒問題,0
n_520,但7點的我真的沒有聽到 也有設定每天,0
n_520,而且我也沒做按了再回去睡這種事,0
n_520,一直說我是睡太沉沒聽到但我不可能沒聽到,0
n_520,沒人相信我 我真的100%確定鬧鐘沒有響,0
n_520,但是醒來測試鬧鐘是可以想的(用了第2、,0
n_520,3個) 為什麼 不過就是跟平常一樣認真生活的一天,0
n_520,為什麼會這樣 而且我遲到為什麼是打給我爸不是打給我.,0
n_520,. ？  手機也沒有來電紀錄,0
n_520,有問了值班說是不是我手機打不進去,0
n_520,還在等回覆(好像打電話的不是他,0
n_520,為什麼我說了鬧鐘沒有響 我媽一直堅持是我自己睡太沉沒聽到,0
n_520,我怎麼可能沒聽到 我睡覺手 機是擺在我旁邊的,0
n_520,有響我怎麼可能沒聽到？ ？ 為什麼她就是不相信我,0
n_520,還說我不想跟你吵 為什麼不相信我？,0
n_520,？ ？ 為什麼 出門前我爸還問要不要載我去上班,0
n_520,我走路去麥當勞只要10分鐘 為什麼他要這樣問我.,0
n_520,. ？ ？ ？  他明明也不會真的載我去啊而且他也要上班,0
n_520,為什麼要說這種莫名其妙的話？,0
n_520,？  唉 只是小事 哈哈 反正就是這樣吧,0
n_520,沒人相信我鬧鐘真的沒響 我上班這3個月以來,0
n_520,一次看錯上班時間這次遲到 無法洗刷的污點,0
n_520,好想用力掐自己 一切都沒辦法抹消了,0
n_520,紀錄一直會在 好想掐自己  ,0
n_582,那天用橡皮帳治療兩個小時 嘴巴已經快張不開了,0
n_582,醫生說嘴巴張大一點 然後跟我說謝謝喔,0
n_582,有被呵護的感覺 不過醫生已經名花有主了,0
n_582,那天問他早上起來嘴巴有味道 他就說他老公怎樣怎樣,0
n_582,嗚嗚很年輕很年輕的醫生 今年才剛通過國考,0
n_645,昏昏沈沈 喝了一杯感冒熱飲 吃了含消炎藥的喉片,0
n_645,感覺頭有點重 趕快好起來啊 ,0
n_618,把文案帶回家加班改 好煩啊 改了10篇左右,0
n_618,有點想吐改不下去 想到改國考的考官們,0
n_618,就可以想見分數怎麼這麼難看 加油,0
n_219,這輩子就這樣了 也沒有什麼更多可能性了,0
n_219,沒人會喜歡我這個人的 我也沒辦法喜歡上任何人,0
n_219,每天總覺得自己困在這副噁心醜陋的軀殼之中,0
n_219,只能靠著每週三次的運動麻痺自己意識到這件事,0
n_219,每天工作完， 運動完， 就什麼也不想做,0
n_219,只能躺在床上發呆， 想著這輩子什麼時候才能結束,0
n_219,生活本來就是無意義 人也只能追求讓自己開心讓自己痲痹的方法,0
n_219,不然轉身就會深深意識到自己處在無盡的空虛、,0
n_219,輪迴. . .  倦了 睡吧,0
n_599,剛入職就有尾牙吃讚讚 希望有好手氣,0
n_599,福委會說獎品獎金豐富 嗚嗚好期待,0
n_599,跟社工聊完覺得還好 雖然他講了很雷的話,0
n_599,但應該只是他經驗不夠 他說今天有開導到你嗎？,0
n_599,我說沒關係有覺得被關心就好了,0
n_599,醫生說的 多一個人關心你也是好事,0
n_872,好想去吃小火鍋 花生冰淇淋來啦,0
n_872,還有草莓冰淇淋 今天打針 護理師用飆的,0
n_872,後來還有一些從傷口溢出來 怕.,0
n_855,真的是絕望 剛剛用牙線又掉一小塊,0
n_855,不知道是之前補的還是牙齒 我可能要做那種整排的假牙了吧,0
n_855,慘：（ 生命中最長的寒冬  ,0
n_854,剛才去跟人資主管要工作證明 他問我為什麼要,0
n_854,是說本來就應該給 大概是想知道我要幹嘛吧,0
n_854,就把最近的事情跟他說 他說他哥哥也是,0
n_854,聊了一下 希望一切順利   ,0
n_878,又到了悶熱的溽暑 會聞到自己的汗臭味：,0
n_878,大保溫瓶準備拿出來裝冰水啦 希望星期五一切順利,0
n_878,星期日要去處理部分的事情也一切順利,0
n_643,幫我媽穿護膝穿衣服 扶他走路時,0
n_643,心裡很多聲音 想到醫生對我的耐心,0
n_643,明明是可以脫口而出的不爽 卻還是收在心底,0
n_643,依舊很有耐心的相待 原來被灌溉愛之後,0
n_643,還被醫生施以耐心 謝謝醫生在我心中種下的一切種子,0
n_786,果然像告誡的啊 不要太婦人之仁,0
n_786,選擇很重要 他是個極為珍惜(吝惜?)自己意見的人,0
n_786,(但我能理解 對他來說 如果不會造成太多影響改變的事,0
n_786,沒有做的意義) 想必是認為之於我太重要才會這麼說,0
n_786,課題欠學習 自己都想笑 哈哈哈哈哈哈哈,0
n_635,我很喜歡跟我的玩偶互動， 覺得很感謝兩年來不管我的狀況好壞，,0
n_635,他都陪著我。 也想謝謝 版的大家，,0
n_742,事情是這樣的，  大概去年10月底時，,0
n_742,在交友軟體認識了一個單親爸，,0
n_742,他有一個女兒，  女兒跟著前妻生活，,0
n_742,他一個月就去看女兒兩次，  基本上他的心思都在女兒身上。,0
n_742,可能那時剛好很寂寞又加上工作很閒，,0
n_742,常常晚上會傳訊息給他，  曾經和他說如果覺得討厭或覺得我煩，,0
n_742,可以直接告訴我。  朋友說我這樣不好，,0
n_742,對他有暈船的感覺。  就在初五開工團拜時，,0
n_742,我發現前一天的訊息他就突然沒讀了，,0
n_742,我用貼圖測試，  確定被他封鎖了。,0
n_742,我還自以為的動作快，  在初六封鎖他的和，,0
n_742,（我沒有加他和) 結果我昨天用的傳訊息給他時，,0
n_742,他早就封鎖我了。  初五那天就算暈醒了，,0
n_742,我知道我那麼煩他或黏他，  是因為羨慕他對他女兒的愛，,0
n_742,而我剛好是個缺乏父愛的人。 ,0
n_742,在昨天知道他連都封鎖了，  我就只好選擇接受，,0
n_742,一切事情不是我太玻璃心，  而是一切事情來的太突然了。,0
n_841,雖然拖了兩個星期 但剛剛求籤還不錯,0
n_841,上次求工作的時候 籤裡面說的方位,0
n_841,真的考上 也在那邊待了三年 是工作履歷中最久的公司,0
n_841,不過還是有自己的努力和一部分的幸運,0
n_832,白天又要上班 閃到腰時好時壞,0
n_832,去聽以前的錄音 醫生好溫柔啊,0
n_832,我得加緊腳步去睡著了 晚安晚安,0
n_587,沒有錯這是罐頭廣告文 從以前覺得自己很匱乏,0
n_587,到多年來持續參加家族排列 漸漸發現自己轉換成願意給予的角色,0
n_587,自己心中有愛才能給出去 我以前怎樣也無法給出,0
n_587,都是在索取 現在只希望更多人可以活得更好,0
n_587,那就是我喜悅的來源 大家有空歡迎參加,0
n_587,對厭世絕對有幫助 //. .,0
n_499,在抖音 看到這麼一句話 對你傷害最大的,0
n_499,不是別人插在你身上的刀 而是你經常把它拔出來看,0
n_499,再很憤怒的把它插回去 有意思,0
n_770,看到公司團購的群組 每週一次的民生物資團購竟然漲價了,0
n_770,溫水煮青蛙啊 先讓你覺得便宜,0
n_770,習慣之後 再慢慢漲價 其實也沒有多貴啦,0
n_770,100以內 但全聯賣135 小氣用錯地方？,0
n_601,睡不著， 明明明天六點就要起來.,0
n_601,.  已經吞了四顆安眠藥了 不知道該怎辦,0
n_601,每週每週都是惡性循環。  大家今晚都睡的好嗎？,0
n_105,唉 唉， 最近實在 東西也吃不下,0
n_105,睡也睡不好 甚至偶爾還會鬧肚子,0
n_105,常常恍恍惚惚 真慘 原來有種人生,0
n_105,是越活越倒退 我只是想要 平平靜靜的一天,0
n_838,某小姐突然冒出來 其實她人不壞個性也算可愛活潑,0
n_838,總是說很寂寞 母單很想談戀愛云云,0
n_838,如果就我個人標準 絕大多數人都是一般人,0
n_838,不特別漂亮也不特別不好看 (85%),0
n_838,其他剩下才是極端值 但她幾乎沒疑問是屬於後者的區塊,0
n_838,本身不漂亮 卻一定要非常好看的對象,0
n_838,就真的難 (不只是順眼 看她刷交友平台,0
n_838,標準大概是要前5%的帥) 沒打算回應。,0
n_838,雖然不是討厭她 不過覺得相處起來.,0
n_838,. .  怎麼說呢 很像跟小孩(?)相處,0
n_838,得要包容她一大堆東西 單純沒心眼個性直率這些是優點,0
n_838,但如果因此對於人際社交應對進退的識讀能力太缺乏,0
n_838,尤其考量到年紀 於我有點 (以的手腕世故,0
n_838,想來在他眼中看來我或許也是這樣吧),0
n_838,可能對多數人來說(她自己大概也是這麼認為),0
n_838,個性的活潑可愛就已經足以覺得相處有趣,0
n_838,但不只這點對我沒有特別加分 再考量這樣的個性,0
n_838,理論上在人際關係能非常如魚得水吃得開,0
n_838,對比實際情形的落差 就可以看出那些缺點,0
n_838,對他人造成的影響遠比她以為的來得大,0
n_838,這邊的文化習慣 日常生活已經不算很在意遲到這件事,0
n_838,(重要商業公事場合不在此列),0
n_838,只要時間不過分離譜多數人都能接受,0
n_838,但那並不等於沒有潛規則 約的離你家走路可到達,0
n_838,比約的時間晚20分鐘才告知會晚到,0
n_838,而且沒有正當理由 說在路上 最後整整晚一小時,0
n_838,你家走路可到達的地點在路上要40分鐘這種事,0
n_838,大家不戳破也會自有判斷 雖然我只笑笑的說,0
n_838,要晚那麼久可以先講一聲 讓別人可以做其他安排,0
n_838,一個小時去別的餐廳吃個東西都綽綽有餘,0
n_838,然後還是氣氛良好的吃吃喝喝談天結束聚會,0
n_838,但你真的以為還會有下一次???,0
n_838,(又不是多熟的朋友看在交情的份上包容你),0
n_838,笑 真的很像小朋友啊 很單純可愛,0
n_838,不會意識考慮到行為帶來的後果或影響,0
n_838,(或行為動機明顯到此地無銀三百兩,0
n_838,像狗狗做壞事亂遮起來以為人就不知道他在幹嘛那樣,0
n_838,總讓人忍不住想笑) 但能理解不等於我想帶小孩啊,0
n_838,我對身邊朋友的數量跟質量都覺得很,0
n_838,沒有跟自己過不去的理由 到底是要怎樣,0