id,segment
105,第一次發文好緊張， 若有哪裡不妥煩請告知！
105,因為工作方面壓力造成精神上一直很焦慮，
105,已經持續了一段時間， 想來想去還是決定來看醫生好了（雖然最近疫情關係可能不會立刻去看）
105,雖然鄉民都說不爽不要做（？ ）但我是視障者，
105,身障很難找工作， 我不能沒有這份薪水
105,理智上知道最好先做心理諮商， 但長期下來的開銷很大，
105,所以才想說是不是應該先吃藥減緩症狀？
105,請各位能推薦位於苓雅區或是新興區的診所，
105,希望是有耐心的醫生 有需要的話不排除吃藥，
105,只是會有點擔心藥物的副作用會不會影響到工作
105,主要症狀應該是焦慮、 易怒、 睡眠情況不穩定（不是睡很少就是大爆睡，
105,時數有點極端）、  另外希望可以是對身障者比較友善的診所，
105,別開在太隱密的地方不然我自己一個人去的話會找不到
105,另外也很擔心到時候會被說「為什麼這個視障的要來」、
105,「你自己要堅強啊」之類的話  先謝謝大家了！
106,， 想去給醫生看看  可是網頁上充斥著各家商業廣告，
106,不知是真是假  所以想請教各位板大為小弟推薦
106,目前查到在台北的  台北市立聯合醫院松德院區
106,湯華盛  晴美身心診所 王桓奇  永康身心診所
106,楊大緯  不知王醫師和楊醫師的評價為何?
106,是想說先給小診所看  因為大醫院比較貴，
106,而且湯醫師神難排  目前初診只有星期四上午
106,如果還有其他板友看過 也覺得不錯的 
106,還不吝惜推薦給在下  感激不盡  <(__)>
107,荒謬的感覺 主要的現象就是我會很怕撞到人或車
107,騎車/開車會非常小心 甚至會繞回去檢查
107,奇怪的是. . .  我以前(約兩年前)
107,並不會這樣 我出現這個症狀 可以說是從買車開始的
107,然後有了小孩之後 似乎更嚴重  我覺得我好像是怕失去什麼
107,怕被抓去關 害家庭破滅之類的 現在去上班大部分都騎機車
107,今天在精武路上閃公車(因為他們很常在省圖那裡讓乘客下車
107,造成機車 公車 全部擠在一起 ) 所以我都早早有機會
107,就往中間切 然後閃完之後 就會一直懷疑自己有沒有擦到公車
107,騎了一段路後 又懷疑起自己有沒有擦到旁邊的路邊停車
107,(完全沒聽到聲音) . . .   上班之後.
107,. . 會一直掛心這件事 就會一直想說會不會是有擦撞到路邊停車
107,但自己沒聽到. . .   請大家推薦有沒有好的台中市看強迫症醫生.
107,. . 不想再這樣了. . . 好累.
107,. .  順便問一下 有可能機車擦撞到路邊停車
107,然後自己不知道嗎??(囧)  落落長
108,， 我可以整天不吃不喝， 醒來也是躺在床上看著天花板發呆，
108,沒有力氣下床， 連滑手機都覺得好麻煩，
108,反正也沒有人會連絡我， 家人早就不管我了，
108,我也沒有朋友， 這個世界和我沒有任何連結，
108,可是就連去死都沒有力氣， 曾經有人臭罵我一頓叫我去看醫生，
108,但我到現在都沒去過， 看醫生有什麼用呢?吃藥能讓我變成上進的人嗎?是我自己不想上進怎麼可能吃藥就有用
109,我快受不了我媽了 每天只會一直念一直念一直念
109,我又不是沒有認真找工作 可事實就是沒有老闆想要用一個只有高中畢業的人啊
109,你什麼都不知道  我沒錢去看醫生 也不可能跟你要錢去看醫生
109,就算跟你說 也只會被你當作攻擊我的武器而已吧
110,大家好 在板上潛水已久 今天終於還是忍不住上來請大家幫幫我
110,想請大家幫我看看我是不是該去看醫生 我是一個很容易緊張的人
110,每次要出門前都會很擔心家裡會不會發生電線走火或瓦斯爆炸的事情
110,導致我會忍不住一遍又一遍巡視家裡所有插頭有沒有拔掉、
110,瓦斯有沒有關好 就算檢查沒問題 出門之後還是會一直想有沒有哪裡沒有檢查到
110,又會回家再檢查一次 因為這樣 我的朋友都很受不了我
110,也害我常常遲到 我看板友都說要去看精神科
110,可是看精神科的話是不是會影響到我的保險?要怎樣才不會害我的保險失效?如果不去看醫生
110,還有什麼方法可以幫助我? 先謝謝大家了(鞠躬)
111,每天都好憂鬱 上網填憂鬱程度量表 他說是重度憂鬱
111,可是別人只會說 你都年薪百萬了有什麼好憂鬱的
111,憲哥說的沒錯  有想過去看醫生 可是會不會連醫生都看不起我
112,我朋友說我有憂鬱症 我覺得我沒有 可是有時候又覺得滿像的
112,例如： 不過這些不就是指考戰士的症狀嗎?怎麼到我身上就變成有病了?
112,如果真的要去看醫生 我比較想問醫生有沒有能夠讓人不緊張的藥
112,因為我有時候模擬考的時候會緊張到沒辦法寫字
112,可是好像又有點丟臉 好猶豫阿~~~~
113,嗨大家 我有一個問題不知道能不能上來發問
113,如果不行我再刪文 謝謝 我最大的困擾就是我太胖了
113,大學被喜歡的男生嘲笑之後我就下定決心一定要減肥
113,我可以做到一天只吃一餐正餐 一開始也有成功變瘦
113,可是自從某次破戒吃了吃到飽 我太害怕復胖
113,於是回到家馬上把剛剛吃的東西吐出來 
113,從此我就走上了催吐之路 我會一次吃很多高熱量的東西
113,再一口氣全部吐光 這樣既滿足口腹之慾又不會吸收熱量
113,當時我覺得我真是天才 直到我有一次看到的紀錄片
113,我發現我跟裡面厭食症的人好像 我不想變成那樣
113,可是我不敢吃西藥 之前看別科吃的藥 醫生說副作用不會變胖但我還是變胖
113,我就有點不信任醫生了 精神科的藥也會讓人變胖嗎?還是有沒有不吃藥的治療方法?
114,打這篇時邊打邊哭  可是我男朋友說我沒有
114,他說我太小題大作 好端端的人幹嘛整天想著自己有病
114,我說想去看醫生還會被他罵浪費錢 他說精神科是現代人新型的斂財手段
114,古代人哪有什麼精神問題  可是身邊的朋友也勸我要去看醫生
114,我好痛苦 我不知道該相信誰 就算我真的瞞著他偷偷去看醫生
114,要是醫生也說我沒病怎麼辦 有沒有人可以幫助我
115,我從小就很怕有鬍子的男生 從電視或照片上看還好
115,可是如果遇到真人我就會很害怕 會一直幻想他會不會來攻擊我或綁架我
115,疫情開始之後大家都戴口罩 我的症狀反而更嚴重
115,因為我會忍不住一直想像口罩底下的臉都有大鬍子
115,不管男生女生都是 每個人都有可能攻擊我
115,自己嚇自己的後果就是我現在完全不敢出門
115,可是我不敢出門， 更不可能跟一個戴口罩的人關在同一個房間
115,我該怎麼辦?我可以請醫生不要戴口罩嗎?可是我也會怕確診
116,有人說憂鬱症的藥會讓人變笨 也有人說憂鬱症的藥很傷身體
116,原本有想去看醫生的 可是這些副作用讓我好害怕
116,就算治好心病但身體壞掉好像也沒比較好
117,誰能想到從小到大都考第一名的人居然有精神疾病
117,可是我就是那麼衰  原因也很可笑 只不過是被男人甩了
117,就讓我變成生活不能自理的廢物 我是還沒看過醫生但有做過網路上的測驗
117,他也叫我去看醫生 去看醫生可以阿 誰沒看過醫生
117,可是醫生會不會像我媽一樣嘲笑我 我覺得我沒辦法再承受一丁點打擊了……
118,我想看醫生但我沒錢  不是都說憂鬱症是心的感冒嗎
119,我的情緒起伏好像很大 有時候會憂鬱到沒辦法出門
119,有時候又很有活力 可以好幾天都不用睡覺
119,每天都很 我朋友說我是躁鬱症 不去看醫生我的大腦會壞掉
119,我也有找資料來看 好像真的是他說的那樣
119,是不是不看醫生不行? 可是又看到有版友說看精神科的紀錄被公司知道所以就被
119,請問看精神科真的會害我找不到工作嗎?那我是不是不要去看比較好?
120,我很不會處理壓力 現在只要一有壓力 我就會掐自己的大腿
120,不然我怕我會當眾哭出來 就算在家裡也是一樣
120,我跟我姊睡同一間房間 小時候我只要一哭就會被他大罵
120,所以我在家裡也不能放鬆 因為還有其他症狀
120,可是我又不會真的害自己受傷 不知道這樣有沒有達到需要看醫生的標準?
120,不過就算需要去看醫生我也有點不敢 要把這些很私人的秘密講給醫生聽
120,我覺得我應該說不出口 醫生會不會覺得我在浪費他的時間?
121,我的狀況是失眠、 對任何事情都提不起興趣、
121,沒來由地想哭， 在公司還能勉強忍住，
121,但一回到家眼淚就停不下來， 也感覺不到餓，
121,就連以前最喜歡的甜點也激不起我的食慾，
121,我是不是憂鬱症啊?， 我有想過要去看醫生，
121,可是我上網查憂鬱症吃的藥很傷身體， 讓我很猶豫，
121,我本來身體就不好了再吃憂鬱症的藥會不會害我身體壞掉?
122,大家好， 想問問大家的意見看看有沒有人可以幫我……昨天好不容易提起精神想要出門辦事，
122,， 只好趕快回家， 我好恨， 為什麼只有我遇到這種事情，
122,不要說出門了， 就連有人打電話給我都會害我神經緊繃到想吐，
122,我知道我病了， 我知道我得去看醫生，
122,可是我連出門都沒辦法更不可能跟陌生人說話，
122,有沒有人可以救救我. . . . .
123,如題， 是這樣的， 最近因為粗心犯了很多大大小小的錯，
123,被老闆臭罵一頓， 老闆還說我那麼容易不專心是不是有病，
123,這種事也不是第一次發生， 想說上來問問看大家我是不是真的有病
123,我有過， ， 因為除了工作上出包， 小時候上學常常因為上課吵鬧被老師罰站，
123,國高中因為愛玩又不愛念書， 都是念爛學校勉強畢業，
123,現在才發現我應該不是不愛念書， 只是沒辦法專心而已，
123,可是有在看過動症的醫生都是兒童身心科的醫生，
124,分手半年了 還是沒有一天不想他  讓心裡的悲傷可以一起流出去
124,白天還能強迫自己維持正常 可是到了晚上總是控制不住自己想他
124,我不想再這樣了 我今天晚上就去看心理醫生
125,從來沒想過這種事也會發生在我身上… 我原本是一個開朗的人
125,就算偶爾低潮也能很快振作 自從我開始準備國考
125,一切都變了 只要一打開參考書 我就會肚子痛
125,一個早上要跑3 4次廁所 等到終於安頓下來可以唸書的時候
125,我又會開始咬指甲 甚至會咬到流血 又不得不暫停一下先處理傷口
125,還有可能因為喝很多咖啡的原因 我覺得我好像無時無刻都在心悸
125,晚上也會心悸到睡不著 偶然發現這個版才知道原來焦慮到不行也會變成病
125,下個月就要考試了 至少可以讓我順利通過考試
126,我是說真的 不是在無病呻吟 雖然我還沒看過醫生
126,可是等我畢業之後我就要去看了 希望醫生可以治好我的不開心
127,有人跟我一樣嘛?， 我的內心好像住了兩個人，
127,一個人想殺死我， 一個人在阻止她， 但我還有好多想做的事，
127,我想去日本看演唱會， 我想要學畫畫，
127,我想要結婚生小孩， 請問有人可以推薦我台北的身心科嗎?我住北投，
127,有沒有人看過哪個醫生比較厲害， 我想要趕快好起來
128,目前懷孕已經38週， 寶寶隨時報到 因為有餵母乳的打算所以藥物盡量能不碰就不碰
128,看板上不使用藥物的醫師是無健保的 費用超出我的能力.
128,. . （寶寶即將出生， 的問題真的很現實.
128,. . ） 以我的情況台中有適合的醫師嗎？
128,診所醫院都可以， 只要開車會到、 別太海邊/荒山野嶺
128,我是要求很多的病人之分隔線 請問諮詢中可以隔開家人嗎？
128,（例如有等候室之類的. . . ） 因為原因部分來自家庭，
128,敘述的時候不想傷害到他們 也許醫師會有注意事項要提醒家人，
128,這部分是的 就只有在敘述自己狀況的時候希望家人不要在場
128,以下算是閒聊了 本身嫁到香港， 懷孕後憂鬱症加重
128,（自己用量表測從輕度轉中度， 莫名哭泣的次數增加非常多）
128,原本不願意夫妻分隔兩地的老公也軟化 願意讓我回台灣待產
128,但回到台灣娘家後卻因為某些原因  有次獨自在家，
128,情緒發作差點從5跳下去 但不捨肚裡的寶寶，
128,跟自己拉扯很久才平復 （在香港時還不至於有自殺念頭，
128,但最近越來越頻繁出現） 失眠也非常嚴重，
128,不曾持續睡超過3小時 症狀加重的事情完全不敢跟老公提
128,家裡也不知道我的情況 覺得再下去產後憂鬱症是絕對撐不過去了
129,我沒有相關病史 也還沒去找諮商 不知道該不該找諮商
129,這兩年過得很低潮 特別是在去年底到現在這段時間
129,覺得自己在做事上很懶散且事事都為自己找藉口
129,沒有動力 每天都恍神 人家交代的事時常遺忘，
129,沒做好 很不像自己 好吧. . . 這是篇討拍文
129,我不知道該找誰說 只好來這取暖一下 我是相信人生有低谷，
129,那也會有高峰的 只是正在經歷自己人生的一些低谷
130,仔細想想， 我好像從以前到現在就好像沒有被特別的誇獎過。
130,總是不斷的被要求、 要求、 要求、 我也很少去拒絕。
130,家人或是所謂的外界眼光也總是在否定 久而久之，
130,我也好像漸漸的在否定自己。  像我現在在打這篇，
130,， 我心裡聲音又出現了在說 ㄟㄟㄟ別鬧了好嗎?
130,你很清楚你只是憂鬱， 因為你剛剛又被要求了，
130,所以你心情不好， 況且你不是還會笑嗎？
130,拜託， 把版面空間讓出來， 不要讓其他版主、
130,或是版友為難好嗎? 搞不好你只是故意在放大你現在的憂鬱情緒，
130,根本不是憂鬱症或是其他精神疾病好嗎?
130,不要把本版當作醫療版好嗎？ 有病就去看醫生.
130,. . . . . 等等等 因為這樣一些線上關於憂鬱症的問卷，
130,看到那些問題、 答案 我完全不知道該怎麼選
130,像是 我覺得心情不好 1少 2有時 3時常
130,4總是 我完全不知道該怎麼選 以前總是能快速地做出決定
130,現在光是面對這題我就可以想好久 然後聲音就出現了.
130,. . . .  我現在到底是怎麼了？
130,有辦法去做判斷嗎? 如果真的有到需要看病的地步
130,有能推薦的醫生嗎? 我目前在外島工作
130,大概8/6會回台 台北或是桃園有推薦的醫院嗎?
130,還是要去其他地方. . .  我不想再這樣了
131,請推薦雲林斗六的身心科、 精神科的醫師不知道哪位較好?
132,常常我覺得沒什麼 覺得這些情緒或反應不過就是自己的個性
132,頂多易怒沒耐性 不到疾病 你們幹嘛覺得自己生病
132,讓醫生斷言你的樣子是一種疾病？  我知道我生過病
132,我是不覺得我康復了 但我認為我能夠與它取得平衡共存共活
132,那就是我的樣子 是上天要我成為的樣子
132,我真的很討厭吃藥變白癡 渾渾噩噩活得像一個沒靈魂的機械
132,被醫生診斷更覺得自己根本不特別或是失敗
132,好像草莓族還怎樣 真的很討厭 開始負面思考
132,開始自憐自艾 覺得不配任何人的善意和陪伴
132,死了算了看什麼醫生 真的很白癡 看一堆人裝憂鬱也很討厭
132,更討厭一堆人脾氣不好就說自己躁鬱 躁妳媽
132,心情不好歸咎於疾病也就算了 當自己很好又會極端到變成病態真的很不知道自己算什麼
132,早知道不看醫生了 我覺得我現在本來很好
133,我又失業了，  我連兩次搞砸了二個得來不易的正職工作
133,孤狗了一下， 還滿有可能的， 嚴重會影響求職求學。
133,跟害羞很容易混亂。  滿想看心理治療的。
134,早上去看了牙醫， 預約了三週後做咬合板。
134,順路去詢問了家裡附近的診所心理諮商的事情。
134,明天第一次得先去看診。  現在正悠閒坐在早午餐店裡等待餐點。
134,自從把上一份正職辭掉後就很久沒有像今天一樣這麼早起床辦這麼多事情了。
134,心情還不賴 。 即使外面正下著小雨。
134,目前的兼職雖然做的還， 但終究也只能當一個暫時休息的中繼點。
134,之後還是得找份正職 的減輕家裡的負擔。
134,依照鬼島目前的就業狀況， 我應該還是會走回老路去考試.
134,. . . . . 也許 是國營或一些比較大間的民營機構吧。
134,那天抄經抄著抄著， 突然發現， 其實可以過完一輩子就是一種了不起修行。
134,每天都忍受著不能或不敢自殺的痛苦度過每分每秒，
134,這也是一種苦行， 不 是嗎？  所以最近只要又度過一天，
134,我就勉勵自己， 不管好壞， 這一天過了，
134,不會再回來了。 離結 束又邁進一步了。
134,這樣想就會比較好過些。  早午餐店泡了一杯不冷不熱的拿鐵，
135,(這是分身帳號， 因為不希望被認識的人擔心)
135,由於是近期才開始有症狀， 不確定是否為憂鬱症
135,懷疑只是冬季憂鬱，  目前正在想要不要就醫還是有點小題大作了
135,失眠好一陣子了食慾也非常差， 體重掉了不少
135,由於目前還是學生多少影響了課業(其實是被課業影響)
135,而且噪音(包括談話聲與笑聲)會帶給我非常大程度的煩躁感但是在學校根本避免不了
135,先說點自己的經歷吧 我從小在團體裡的關係就不差，
135,雖然不是很中心的人物， 但也不算邊緣
135,前幾天和國中的同學一起打遊戲(好啦就元旦當天凌晨熬夜啦)，
135,不經意的談到這件事(我的 病情) 他說不太相信我得了憂鬱症(冬季憂鬱)，
135,畢竟我在群體裡的形象一直都是冷漠型的，
135,似乎 不太會出什麼問題 不過大概就是因為這種個性，
135,我不太能和別人分享自己， 壓力沒辦法釋放才得病吧
135,我說的好像很難懂連我都不太清楚自己想表達些什麼
136,如題 請問有人有看過豐原的醫院或有推薦的醫師嗎？
136,雖然知道挺多人有推台中其他間 但對我還是有點小遠，
136,所以想問問有沒有人有在豐原的經驗 然後再請問醫生都會如何判斷你是不是憂鬱症？
137,如題 真的很難過 我不知道為什麼就會突然覺得心好痛
137,好累好想消失在這世界 但如果是塵爆傷者或某某癌症
137,社會上的每個人好像都會瞭解他們的痛 我不知道為什麼我要得到這種病
137,我覺得好累 乾脆再多吃一點安眠藥 睡久一點看我會不會比較好
137,我真的瘋了 我好想住院  這世界太殘酷
137,我好不容易撐到現在 我想讓自己的生活正常運作
137,我想像一般人一樣生活 為什麼這麼辛苦
137,好難 好累 我不是想要死 我只是想要逃離不快樂的世界
138,工作也痛， 騎車也  今天下午工作到後來，
138,越來越崩潰。  好像自己的思考力、 工作能力一點一滴在流失
138,明明很簡單的東西邏輯， 我卻要想很久還想不太出來。
138,我不知道自己什麼時候會喪失工作能力 
138,.  下午一直很悲傷、 有一種想哭的感覺
138,隨便查了一間在看憂鬱症身心科的診所 結果好不容易騎到那裡，
138,今天晚上卻休假， 幹。  我什麼事都提不起勁
138,我要去躺在床上了 我該怎麼辦????????????????
139,各位前輩您好 ， 最近要去醫院接受專科檢查
139,聽說會有三次回診， 我知道第二次是心理師面談，
139,那第一次與精神科醫師的會晤會說些什 麼呢?
139,我有準備一張紙詳述我的家庭背景及我認為造成症狀變嚴重的事件，
139,其實看完後真的覺得 自己的背景怎麼這麼差，
140,好吵 在充斥著各式各樣語言的國家 可以跟同鄉人講電話的開心能明白
140,但可以小聲一點嗎 上廁所時可以把馬桶蓋掀起來再尿嗎
140,就算不掀起來可以不要尿在上面嗎 煩躁
140,從一早上班就開始煩躁 菸也是一大早又再抽了
140,以為是月經前症候群  完全沒帶藥來愛爾蘭也是滿厲害的ㄏ
140,(還是堅持自己不用吃藥 我可以靠宇宙的力量
140,冥想 煙癮 內心的強大壓抑下來 好寂寞
141,逐漸能體會 沒有人能夠一直陪伴的 就算是家人
141,朋友 沒人有義務處理你的情緒 不管是悲傷
141,快樂都一樣 你分享 別人不一定想聽 還是要靠自己消化
141,最後想講的話也只能寫進日記 但現在我覺得寫日記很痛苦
141,面對自己的內心會忍不住哭出來 我以為我一個人久了會逐漸習慣
141,但其實我沒辦法跟我自己單獨相處  有時候情緒到高點
141,然後又到低點 也沒人體會 我一直受不了諮商
141,會讓我忍不住想跑 可能也是我一直抗拒諮商的原因
142,聽說之前手上的個案過得不是很好 心理師會說那也不干妳的事
142,或許對方就是利用害怕的心理 有意無意說跟同事都認識
142,有意無意說要我參考臉書上被砲的工作者
142,一定不會讓我繼續在這裡 對方是我老闆嗎？
142,我領他薪水嗎？  他是我主管嗎？  我歸他管嗎？
142,都不是 如果都不是那我還在害怕什麼 我也不知道
142,星期六要去找醫生 大概也無法談太久 大家都在看好戲吧
142,我也不想去想誰要挺我 我還是收拾公事包
143,今年好不容易漸漸替自己的情緒負起責任了，
143,今天的崩潰是因為心理治療還是真的太冷了
143,呢？  哭到頭好痛， 飲食開始失控，
143,渴望去， ， 一切都一樣， 一樣的沒有希望，
143,一樣的絕望 經常在治療室問該怎麼辦，
143,不會有答案， 現實生活是那樣的痛苦，
144,情緒不穩定 性格大變 希望他能趕快好轉
144,變回幽默的他 謝謝版上所有的經驗分享
144,讓我知道怎麼關心陪伴憂鬱的朋友 朋友啊
144,繼續加油啊 你這麼認真努力 相信你絕對可以戰勝憂鬱的
144,你是個充滿戰鬥力又正向的人 向來沒有事情可以難道你的
144,對吧 很難 但是我們都很努力 希望大家都加油
144,真心希望這個討厭的疾病不要再纏著你們
145,周三晚上  秒暈 昏 勉強再吃下安眠藥
145,卻無睡意 身體已疲憊不堪 頭卻昏得渾身不對勁
145,週四繼續硬嗑 仍然一樣的狀況 我不要因為這樣
145,睡眠障礙更嚴重 每天一早就得吃群3顆
145,500熱拿 一瓶魔爪 才能撐完整天的工作和忙碌
145,自行決定吃回悅 每天少一顆 也許就不會狂躁
146,. 覺得自己凡事都好慘. 活的很痛苦.
146,又不知怎麼跳脫.  今天家人跟我說.
146,他朋友的兒子最近去坐牢. . . .
146,. 全家人都陷入痛苦中.  他父母更是悲傷.
146,突然之間. 我煩惱的事和他比起來真是微不足道.
146,雖然我還是很憂鬱.  原來憂鬱心煩的人這麼多.
146,也許我該站起來多幫助那些人. 這也是為自己治療的方法.
146,希望大家都擺脫憂鬱. 快樂起來. 多幫助別人也是在幫助自己.
147,最大的壓力來源還是來自於我自己 即使外在環境和世界讓我很不安
147,但那都是因為我沒有能力好好應對的關係
147,活著變得越來越難 把自己放入人群環境裡總讓我痛苦不堪
147,因為我看到一個扭曲得不成人樣的我 自卑
147,笨拙 陰沉 我的腦袋好像壞掉了 對什麼都沒有良好的反應
147,不管是心理或頭腦 永遠都處於孤立的狀態
147,跟外界是沒有連結的 或者說 呆滯吧 就像一顆木頭那樣
147,其實我已經不認識這個世界了  一點價值感都沒有
148,醫師說束手無策的時候就是什麼都試試看
148,不知道哪個有用 沒有標準做法也沒有標準答案
148,我說我真的很憤怒 憤怒我沒有病 但不舒服是事實
148,乖乖回診吃藥也做了 諮商也要五年了 錢都這樣掉水裡我現在還是很不舒服
148,好也許成果就是現在還可以發廢文 工作的錢幾乎存不下來
148,我甚至不知道自己是不是為了治療才工作
148,因為我一直是為了別人活著 壞循環 我找不到自己
148,以為往前了還在原地 真的不知道該怎麼辦
148,去找醫師也只能調藥不然就要我去急診 去急診就只能打針不然就要我去住院
148,去住院過了幾週根本也不會改善 我只是繼續忍耐而已
148,而我還在忍耐 還在忍耐 我不能失去我的工作
148,這樣全毀了 我真的束手無策 可是很難受
148,醫師說 也許我的路不在醫療 真的很難過
149,友人本身個性就是自卑 想法負面 容易焦慮
149,且自我否定 每天都說覺得自己是個廢物
149,。  最近友人開始被自己的黑暗情緒困擾，
149,我有建議他如果意識到自己可能有這方面的問題，
149,可以求助醫生， 或是上網爬文， 或是打
149,給張老師諮詢一下， 也說過要揪他一起運動。
149,(先解釋一下， 我不是一開始就叫他看醫生，
149,其實已經有很多次陪他走過低潮的情緒，
149,只 是他越來越懷疑自己是不是有憂鬱症，
149,我才建議他求醫， 也說會陪他一起) 但是他就是一直說他不願意去找諮商也不了解相關資訊，
149,就說想要靠自己的力量， 也一直 拒絕去運動。
149,這陣子其實我有點忙， 我也缺乏了耐心陪著他
149,結果他開始更自怨自艾說自己果然是惹人厭啊什麼的
149,如果我空出時間陪他， 他又在那邊說我其實不用忍受他的情緒，
149,也不想影響我 其實我也有點累了， 我已經盡我最大的力氣去陪伴，
149,去展現我的同理心， 希望他好起來。 
149,但是他似乎更依賴我， 更肆無忌憚的灌輸我所有他的負能量.
149,. . 我有點撐不住了. . .  這個人是我很要好的朋友，
149,即使他說的沒錯， 我根本沒任何義務，
149,但是我還是希望盡點綿 力陪他撐過去.
149,. .  希望有相關經驗的大大可以給我一些建議，
150,不知道是太著急要掩人耳目趕快睡覺躲人躲事躲現實還是晚上忽冷忽熱
150,最近都不好睡也睡不好 翻來覆去又多夢
150,昨天回診和醫生討論說想從美妥平換回思樂康
150,開兩個禮拜試試看效果怎麼樣 結果睡前藥吞了到現在
150,躺了接近四小時還是沒什麼睡意 想說好吧不然來補個美妥平好了.
150,. .  嗯. . . 剩最後一片 那還是留著保險
150,所以現在的問題就變成該不該補吞一顆思樂康了
150,反正當初換藥的時候也沒吃完 答案應該是顯而易見了
150,題外話 很疑惑運動手環健康手環這類穿戴式裝置是怎麼觀測出淺層睡眠還是深度睡眠的
150,當然我知道跑出來的數值都只是參考用而已
150,坐在電腦前不停焦慮抖腳的時候只是把手放在大腿上
150,40分鐘後都能判定我走2000多步了
150,相較心律啊步數啊這些有明顯判斷基準的數值
150,深睡淺眠這種沒有顯著標準的狀態是怎麼測量出來的啊？
151,各位好 我有一個姐姐  之前是跟姐姐共用一個房間
151,我長期不長住在家 十二年來 連續待在家裡最長的時間是兩個月(念書時的暑假)
151,幾年前的某天 具體時間忘記了 我在我的書櫃發現一包我姊姊治療精神疾病的藥物
151,(我的書櫃工具書居多 家人一般不會碰/整理)
151,猜測她不想讓爸媽知道所以才把藥包藏在我的書櫃
151,當時的想法是那我就尊重她的意願 沒有告知爸媽
151,也沒有細看疾病和藥物資訊就放回原處 兩年前
151,我有自己的房間了 我注意到我書櫃裡的藥包不見了
151,不確定是姐姐自己拿走了 還是被爸媽看到了
151,我沒有多問 這次因為疫情的關係 突破了以往最長待不過兩個月的紀錄
151,有一個詞叫距離美 我和我姐姐從小就不合
151,自從姐姐到外縣市念大學後 我們兩個的關係才慢慢改善
151,換句話說 我和姐姐之間這樣的遠距離關係維持了十六年
151,前兩個禮拜 姐姐在家裡和爸爸聊起了醫生說的一些話
151,所以爸媽知道她的病況 我也聽到了幾個關鍵字
151,包含 注意力不集中 有傷害自己的傾向
151,第二型躁鬱症 前幾天 姐姐因為我每天晚回家(1930)發了一頓脾氣
151,叫我怎麼不搬出家裡住 我說 可以嗎 我爸說
151,吃飯時間不要討論這種事情(我爸的迴避)
151,我媽默默的發訊息給我 說 妳搬出去住我會很傷心(我媽的撒嬌)
151,然後我姐姐就甩門進房間 然後聽見蠟筆小新裡面妮妮媽媽痛毆兔寶寶的聲音.
151,. . . . . . . .  後來我媽可能怕用說的尷尬
151,乾脆一整個晚上都在跟我傳訊息(明明就坐在同一個客廳)
151,大意就是 多忍耐 她是病人 她是妳姐姐
151,我們都是一家人所以要互相體諒 其實我也覺得我的生活作息和工作型態不太適合住家裡
151,這麼說吧 我晚上十二點以前沒有洗澡吹頭髮就會被罵
151,原因是吵到我姐姐睡覺 但是我工作真的忙起來的時候
151,常常忙到半夜一兩點才會結束工作狀態 另外也是因為這次長住
151,距離營造的美感越來越弱 我和姐姐有種互相越看越不順眼的感覺
151,我也一直很想搬出去住 (我知道我不可能一輩子住家裡
151,雖然爸媽可能是這麼希望的) 除了我覺得我沒有必要承受她的情緒
151,(實在不懂自己做錯甚麼) (因為疫情影響只能遠距離辦公
151,選擇在外面的咖啡廳做事 被說成每天都不知道在幹嘛)
151,(我已經30歲了 為了配合他的作息 每天趕在晚上十二點前回家
151,這有很過分嗎) 另外也覺得再這樣下去
151,也許下一個被逼得生病的人會是我 我姐姐都叫我滾出去了
151,我還這麼死皮賴臉的住在家裡 都是因為我心疼我爸媽
151,姐姐已經35歲了還是在家裡給爸媽照顧
151,說實在的我覺得爸爸媽媽一定很辛苦 因為兩年前
151,照顧阿茲海默症奶奶的爸媽好不容易才輕鬆了
151,可以緩一口氣了 結果. . .  每次回台灣我都會盡量待在家裡
151,很少出去跟朋友聚會 想著多陪陪爸媽 即使不能提供甚麼實質的幫助
151,但至少多多少少可以幫他們分攤一點點的情緒吧
151,但這次我真的分攤不了 但我又捨不得我爸爸媽媽
151,請問我到底該如何是好 文很長 謝謝耐心看到底的各位
151,有代服務嗎 媽媽千交代萬交代讓我千萬不要讓其他親戚知道姐姐的病況
151,也擔心姐姐雖然不是鄉民 但可能會看到網頁版的紀錄
152,最近是進入用藥的穩定期 雖然在心情和恐慌狀態已經有大幅改善
152,但最近發生一些狀況讓我 不得不思考是否是用藥問題
152,很容易斷片 突然進入空白 不知道自己有沒有做
152,竟而影響到工作 不知道在服用藥物的各位們
152,是否有類似的狀況 為了不影響到人我甚至想請長假
152,讓自己腦袋休息 雖然知道大家可能也會遇到不一樣的問題
152,但還是來問問看大家 如有違反版規會自行刪除低
153,下了好久的雨 聽得雨聲  總以為事情告一段落
153,卻又再來一個回馬槍 連著雨聲再盪到谷底
153,//. . /99.  我就沒有去 為什麼一問再問
153,感覺身邊的朋友也開始忽視我的訊息 畢竟負面的情緒大家都不想要吧
153,可是真的好需要抓住什麼 否則我會掉落
153,星期三早上要去面試 這幾天不停地問自己
153,這是我要的生活嗎 帶著不甘心的心情就職
153,是我要的嗎 我不知道怎麼帶著無法完成的夢
153,去面對以後的人生 還是感覺自己什麼都做不到。
153,感覺這樣的自己會影響面試 不快樂的心情一定主管都聞得出來吧
153,我也不知道怎麼努力在工作上 雖然已經沒有以前這麼一心向死
154,吃了愛吃的食物  感覺不到一點快樂 真的病了
154,只能靠藥物 我知道等一下用點藥就好多了
154,可是這種無止盡的憂鬱循環 要到什麼時候
155,，  平常分隔兩地， 工作、 生活圈毫無交集，
155,頂多每個月一起回家探望父母（當天來回），
155,平日偶爾傳訊聊天， 互相關心， （一禮拜兩三次）
155,日前手足一起出遊， 不經意玩笑話踩到底線，
155,追問下才知道， 所以雖然是小事，  但姊姊卻沒辦法控制自己的下來的情緒持續掉淚
155,姊姊提及工作壓力太大， 有看醫生服藥一陣子了，
155,吃藥會好很多，  剛好出遊沒帶藥， 才會控制不了，
155,所以當天姊姊堅持要先離開，  回去自己吃藥冷靜並平復情緒。
155,言談中說到其實不希望我們知道他的病情。
155,所以才從沒提過。  剛知道我們兄弟姊妹其實很震驚，
155,也很自責自己太漠不關心也太大意了 怎麼從沒發現姊姊情緒上的問題，
155,也從未適時伸出援手 是有聽過姊姊抱怨工作壓力大，
155,但我們都開玩笑的要他放鬆，  從沒認真聽他說、
155,聽他傾訴 我們兄弟姊妹父母都住在中南部，
155,有各自家庭，  姊姊獨居北部， 一人在外租屋、
155,工作， 原本以為這是他喜歡的自由， 
155,現在知情了， 我們真的很擔心他一個人獨居，
155,萬一情緒低落怎麼辦？  最近才知道，
155,這兩天姊妹間也會隨時傳訊關心他，  但又怕太明顯的關心會造成他的壓力？
155,（因為姊姊一直不想讓家人知道） 還是這時候要盡量像平常一樣？
155,兩三天傳訊一次？  想建議他換到中南部來工作一起住，
155,互相照應，  又不知現在適合開口嗎？
155,還是再等一陣子姊姊心情較平復後？  但是工作性質不同，
155,也不知道姊姊銀行方面的工作， 中南部好找嗎？
155,真的很懊惱， 仔細回想他抱怨工作壓力大似乎兩三年了，
155,（從換新工作就開始， 就常聽他提及老闆常打電話罵人）
155,而我們卻現在才發現， 真的很慚愧 請問現在有什麼是我們能做的嗎？
156,不想跟別人說話 什麼都不想聽不想說 想請假回家
156,但是這樣好廢 我好沒用 昨天藥已經吃到頂
156,沒辦法拿半顆贊安諾來吃 免費諮商師說焦慮不吃藥這樣很好
156,會進步 但是我好痛苦 這樣真的有用嗎
156,我想躲起來 但我不想哭 也哭不出來 這樣正常嗎
156,我想懷孕 但是我贊安諾減不掉怎麼辦 昨天晚上睡不著
156,老公說你不要想睡不著 可是我沒有想就真的睡不著
156,我毫無睡意 我是不是太廢所以才這樣 我真的好想躲起來
157,先講問題：男友家族有憂鬱症病史， ，
157,卻不知道怎麼鼓勵他去看醫生……他目前休學中，
157,想再復學但是很害怕自己再度失敗（之前有嘗試過復學），
157,覺得自己應該打工但是對人群有恐懼。 當他狀態好的時候，
157,完全看不出來有什麼問題， 但當他狀態不好的時候真的很嚴重（例如最近），
157,會說想陷入冬眠不要醒來， 沒有力氣做任何事，
157,有一次早上叫他起床， 他第一句話就說：「這是現實嗎，
157,我好想繼續睡不要醒來」。 我和他家人都希望他去看醫生，
157,接受幫助， 但他跟我說他從小看著媽媽吃憂鬱症的藥，
157,還有他媽媽發作時的樣子， 他沒有辦法接受自己有憂鬱症這件事，
157,所以不敢看醫生。 每當我提起這件事，
157,他不是狀況差到無法提起勇氣看醫生， 就是說好好好但他目前感覺很好不急著看。
157,他跟家人很常吵架（因家人要求他工作）但他很愛他們，
157,我其實很想跟他家人溝通， 試著 讓他至少在某方面步上軌道，
157,例如開始工作或者開始接受治療。 但是他非常敏感，
157,而且不希望我跟他家人有太多接觸， 我感覺他把我當作一個可以逃避的地方，
157,所以也不想刺激他。 目前我只是三不五時跟他說其實他應該要工作啊要去看醫生啊要趁自己感覺不錯的時候做些什麼啊，
157,他都懂， 他也會想， 但他就是沒有辦法，
157,也不知道在害怕什麼。 我能做到的是讓他開心，
157,心情穩定， 盡量讓他維持正常作息， 但我不知道那是不是真正的幫助，
157,我不是醫生， 總覺得只有醫生能夠真正的幫助他，
157,但卻不知道怎麼樣讓他去尋求專業協助……
158,一直以來都知道自己是情緒敏感的人， 
158,，  但是從來沒有下定決心就醫。  
158,上次生理期時，  焦慮大爆發而極度缺乏安全感，
158,嚴重影響和男友的感情，  經期過後冷靜下來才意識到自己失去理智。
158,其實不只是生理期，  平時如果壓力大也會容易焦慮或恐慌，
158,會感覺胸口有什麼堵住了，  然後在房間裡爆哭，
158,也會輕輕抓捏自己來試圖分擔情緒。  
158,覺得這個現象存在很久，  我卻一直沒有正視它，
158,最近想求助身心科，  好好了解是不是需要醫療的幫助，
158,不希望再因為情緒而讓關係破裂。   想請教台北市是否有推薦的身心科/心理諮商？
159,我想請問的是我最近精神狀況不太好 我本身就是容易精神緊張的人
159,高三的時候因為考試壓力 心臟跟胃腸出了問題
159,"心臟常心悸, 也有腸躁症的困擾不斷的拉肚子"
159,這狀況到了大學之後逐漸好轉 但我要考研究所之前又出現了毛病
159,"心臟又痛了, 有時候莫名其妙就心跳一百多下開始緊張流手汗"
159,"也開始失眠, 情緒不穩定, 莫名其妙就在房間裡大哭"
159,這些在台大保健中心的醫生開了一些鎮定劑或是安眠藥還有心臟的藥
159,"逐漸控制住病情, 後來考完研究所之後這些症狀又消失無影蹤了"
159,"也不是有甚麼很重大的因素,  只是因為我住的地方太陰暗我常生病不會好(拉肚子感冒等小病)決心要搬家"
159,"找房子很煩, 找到之後又怕搬家很累(因為前年找房子搬家太累得了一場重感冒）"
159,"心裡就很害怕搬家, 搬家前幾天一直睡不好(我之前都還睡的很熟可以睡到十小時)"
159,後來又因為家教學生上學期考試考不好又把考卷藏起來
159,"他家長很生氣, 要我嚴格的教他(我也不知道為什麼這個小事我也很介意）"
159,"搬家當天是搬家公司幫我搬的, 我只是收拾東西就覺得很累情緒也非常緊繃,"
159,搬家當天晚上才發現我的房間面對大馬路常常會有車子呼嘯而過
159,"我開始非常緊張, 怕我睡不好覺, 因為我本來就很討厭睡覺被吵醒"
159,"開始精神緊張, 當天我非常害怕, 連一個人看電視都會不由的緊張起來看不下去"
159,"所以回到房間放也是一直心神不寧, 直到稍晚我男友來找我我才有一點放鬆"
159,"我非常害怕我會一直緊張下去睡不著, 救要求我男友陪我過夜"
159,"結果他睡的非常好, 我一點都不能入睡"
159,"到了半夜我不但睡不著還很緊張, 又很害怕(我真的不知道為什麼."
159,. . ) 把我男友搖醒我說我很害怕睡不著
159,"就開始呼吸急促, 像是得氣喘一樣一直大口呼吸(我本身沒有氣喘)"
159,"我男友也嚇了一跳, 開始安慰我叫我別緊張"
159,"我呼吸緩下來以後就開始哭, 莫名其妙的大哭"
159,"然後又安靜下來, 反正我一夜無眠, 直到早上去學校打工還是處於精神緊繃"
159,"不太想睡, 想到新家就覺得很難過就不去想它"
159,"直到下午在學校補眠一下, 晚上又回到家"
159,在客廳看電視也覺得不自在 然後回到房間又開始哭.
159,". .  我也不知道我為什麼哭, 只是覺得聽到車聲就覺得很煩"
159,"然後斷斷續續的一直哭, 打電話給我家人,"
159,還有我朋友 我朋友就載我出去散心叫我不要待在裡面
159,"然後我兩天都不敢呆在房子裡面過夜, "
159,"情緒慢慢恢復, 也比較不緊張了, 不過進去房間裡面還是很害怕"
159,第四天後我買了耳塞決心要跟我的房子奮鬥
159,"那天睡的很熟直到早上八點半, 我就這樣到住了三天"
159,"雖然我睡的著了, 也睡足了八個小時,"
159,可是每天早上醒來就像一夜失眠一樣非常的想睡
159,"整個人非常沒有精神, 非常累,  昨天就不在我家睡覺,"
159,"反而今天精神就好起來了, 比較不想睡"
159,我去家教時連學生寫題目寫不出來我都很緊張的心臟拼命跳
159,"而且這幾天持續非常嚴重的拉肚子, 一直吃藥也沒有改善"
159,連醫生都跟我說你是不是很緊張肚子一直叫
159,"還教我不要緊張, 拉肚子才會好  我有想過我在家聽到車聲睡不好的問題,"
159,照理說耳塞的效果蠻好的我不太聽的到聲音
159,"不過一個人在家就是不由自主的緊張 我也想過要搬家,"
159,"不過因為現在房子難找, 房東要扣押金"
159,"現在既然睡的著了, 我男友就叫我勉強一點住下去"
159,"所以我現在都是早出晚歸, 也不敢給自己太大壓力"
159,"可是每次想到這件是就是很煩,  這幾天也是常常偏頭痛,"
159,"或是肚子莫名其妙的痛  我想問的是,"
159,"我該看醫生嗎???如果要的話, 該去看哪一科的門診比較對症下藥"
159,"我有想過要去看醫生, 可是又怕小題大作"
159,"畢竟我現在沒像前幾天一樣一直哭非常憂鬱,"
159,"只是睡起來很累, 又一直拉肚子不好 我打工的助教也說我人看起來很活潑不太想精神容易緊張的人"
159,"叫我放輕鬆就好 並且我身體不好常常在吃藥,"
159,"又聽說鎮定劑那類蠻傷肝的 可是我也不能這樣放鬆自己下去,"
159,"因為我也要寫論文要看書 我現在很怕我更緊張,"
159,"每天讓自己看看電視上上網 根本不敢讓自己碰論文相關的東西,"
159,害怕自己又多了一件擔心的事更緊張  請大家提供我意見謝謝！
160,目前18週了， 幾乎就是失眠18週。
160,，   在知道懷孕之後就立馬停藥， 
160,可是也就迎來無止盡的失眠，   幾乎天天都要天亮了才能入睡。
160,因為不用上班， 所以白天我可以盡量補眠，
160,可是還是睡不熟睡眠品質不佳。   先生都一直覺得為什麼我都不好好睡覺，
160,所以我常常早早就躺下， 可是翻來覆去一夜無眠。
160,壓力越來越大， 也擔心這樣會影響寶寶，
160,越焦慮就越睡不著。   很想去看精神科，
160,可是又怕藥物對寶寶不好，   真的快要崩潰了啊……
160,尤其老公不在， 我也會嚴重焦慮無法睡眠。
160,請問大家都是怎麼度過的呢？   如果持續到生產，
161,是否同意記者抄文：/       不過老婆似乎不能接受
161,因為她認為我會有這種想法是來表示她對我不夠好
161,才會產生這樣的想法. . .   最近我們得知老婆已經懷孕5個禮拜了
161,雖然開心但是心理的焦慮遠超越了小孩到來的喜悅
161,原本預計想要轉職的計畫也被打上了一個大問號
161,常常因為工作跟老婆一直有一些問題  真的真的有太多的壓力及不滿需要找人開導及訴說
161,我也理解老婆的立場個性沒辦法客觀的跟我溝通
161,(因為曾已嘗試溝通)  周圍也沒有適合的親友可以詢問
161,所以才產生了心理諮詢的想法  現在老婆聽完我想去的理由後也只丟了一句
161,以後不會在管你要做什麼了， 你自己決定
161,老實說每次聽到這種話都讓我覺得自己非常沒有尊嚴
161,我時常嘗試著用一些方法想要和她求救 
162,好一陣子了 會莫名奇妙的對週遭人發脾氣
162,失眠幾週 嗜睡幾週 不斷循環 只要旁人說話太大聲還是不何意
162,就會很生氣很生氣的想要掀桌子或打人 高興會很高興
162,一個人都會笑  常常心情到哭 我對自己很沒自信
162,會一直問說這樣會很胖嗎 或是這樣作好嗎
162,問個不停 身邊朋友都會罵我說 不要同樣問題一直問一直問
162,然後我又發脾氣 同學都不大想和我說話
162,說我一天到晚生氣罵人 唉 到底是怎麼了
162,自己的心情就連自己也不知道為何會這樣
163,從一開始發現他情緒不太好， 到現在大概也經過半年了。
163,在上個月初， 他願意去看看醫生， 不過遇到了一個問題.
163,. .  現在的診所是每週回診， 醫師主要都是開安眠藥給他，
163,但他覺得睡了精神和情緒都還是沒 有進步。
163,因為之前也有朋友有重度憂鬱症， 那時候也陪他走了一段，
163,所以我很清楚藥效作用需要一 段時間，
163,甚至可能還要先撐過副作用才會開始知道藥適不適合。
163,不過現在每週回診， 每週醫生都幫他換不同的藥，
163,換到現在是第四種了（也才看四次）， 
163,。  礙於先前朋友和我現在是不同的城市，
163,我也沒辦法帶他去看之前朋友看的那位醫師。
163,就想 問問， 醫師頻繁的換藥和只開安眠藥，
163,到底值得信任嗎. . .  也不是說懷疑醫師，
163,只是跟我之前那位朋友遇到的醫師方法很不一樣，
163,我甚至不知道該不 該勸他要相信醫師，
163,不知道該不該帶他去別間醫院看診， 總覺得如果連我都不相信醫師的
163,話， 很難讓他一起信任醫師. . .
id,segment
75,首先， 真的真的很謝謝大家回覆我在這裡的第一篇文章，
75,我著實感到溫馨， 每位的推文我
75,都很認真的看完， 但不太確定是不是字數稍多的緣故，
75,我在編輯文章的時候， 手機會卡頓
75,（我沒有電腦）， 所以恕我無法回應每位的推文，
75,真的很對不起。  憂鬱症量表，
75,我完成了， 數值相當高， 也打算下個月領薪就去掛號身心科，
75,或者心理諮商 。 今天想問的是，
75,今天我在， 刪除（或者封鎖）了很多朋友，
75,然而我對此事， 居然感 到非常舒服，
75,原本除了睡眠時， ， 這麼一做的那短
75,短幾分鐘， 我覺得很快樂， 也很舒爽，
75,不曉得我這樣， 也是心病的症狀之一嗎？
75,也許有人 會說， 既然妳到時都要去看身心科跟心理諮商了，
75,再問專業的就好了， 但還是想先初步了
75,解這是怎麼一回事， 謝謝大家。
78,仔細想想， 我好像從以前到現在就好像沒有被特別的誇獎過。
78,總是不斷的被要求、 要求、 要求、
78,我也很少去拒絕。  家人或是所謂的外界眼光也總是在否定
78,久而久之， 我也好像漸漸的在否定自己。
78,像我現在在打這篇， ，  還是憂鬱症，
78,我心裡聲音又出現了在說 ㄟㄟㄟ別鬧了好嗎?
78,你很清楚你只是憂鬱， 因為你剛剛又被要求了，
78,所以你心情不好， 況且你不是還會笑嗎？
78,拜託， 把版面空間讓出來， 不要讓其他版主、
78,或是版友為難好嗎? 搞不好你只是故意在放大你現在的憂鬱情緒，
78,根本不是憂鬱症或是其他精神疾病好嗎?
78,不要把本版當作醫療版好嗎？ 有病就去看醫生.
78,. . . . . 等等等 因為這樣一些線上關於憂鬱症的問卷，
78,看到那些問題、 答案 我完全不知道該怎麼選
78,像是 我覺得心情不好 1少 2有時
78,3時常 4總是 我完全不知道該怎麼選
78,以前總是能快速地做出決定 現在光是面對這題我就可以想好久
78,然後聲音就出現了. . . .
78,.  我現在到底是怎麼了？ 
78,有辦法去做判斷嗎? 如果真的有到需要看病的地步
78,有能推薦的醫生嗎? 我目前在外島工作
78,大概8/6會回台 台北或是桃園有推薦的醫院嗎?
78,還是要去其他地方. . . 
94,前幾年有被醫生說得了輕微憂鬱症
94,不過最近認識了一個恐慌症的朋友
94,. .  聊了之後發現他好多症狀都跟我一樣
94,. .  所以我在想自己是不是也有恐慌症
94,. .  想去醫院檢查一下 .
94,.   也會因為小事情而焦慮
94,覺得快要發瘋了 . . . 
94,想請問各位有推薦台北大醫院的醫生嗎
94,. .  目前偏向馬偕的徐堅棋醫生和台安的高千雅醫生
94,. . .  或是有板友有其他能夠推薦的醫生嗎
102,寶寶快7個月大了， 有送托嬰，
102,平日晚上和假日主要照顧者是我老公和我，
102,我是職業婦女  寶寶從3個月大前會討夜奶後，
102,直到最近又開始會要夜奶， 我也一直告訴自己寶寶一直長大一直在變化，
102,這些都很正常， 只要他健康平安就好了就這樣一直說服自己，
102,直到近日開始常在天還暗時餵寶寶，
102,哄睡到天亮還不願意睡（看到天亮讓我壓力更大）.
102,. . 每天睡眠時數不夠、 睡眠中斷，
102,前陣子顧小孩實在太累了， 已經身心力疲，
102,精神狀況不好到騎摩托車下班恍神摔車，
102,請假休息一天. . . 這根本不能解我壓力，
102,日復一日一樣的生活， 圍著小孩作息走，
102,隔幾天突然一直跟老公說我好想死好想自殺，
102,我想真的說出來我就不會去尋死，
102,原來自己一直憋著這些壓力. .
102,. . . . 要怎麼去解決/排解這樣的心理壓力？
102,育兒教養文章， 朋友現身說法，
102,我都試過了， 也想過在生小孩前我本來就不是很愛小孩，
102,但既然是自己的小孩我也絕口不再提不愛小孩這件事情.
102,. .   這種狀況需要去諮商嗎？
102,本來個性是很樂天，  如果可以請版上好心推薦新竹心理諮商醫師
127,平常住在國外， 自從快3年前生小孩後變成全職媽媽。
127,本來以為小孩1歲半後就可以重回職場，
127,但沒想到小孩1歲半後就超皮超難帶，
127,並且一堆狀況。 所以就還是無法找工作。
127,在國外因為懷孕生子加疫情， 快4年無法回台，
127,前陣子才回來。   這段期間完全無後援，
127,加上疫情前2年幾乎整天關在家，
127,和老公關係也一度變很差。 他說了許多非常傷我心的話。
127,後來覺得自己有一點憂鬱症的傾向，
127,"變得很沒自信、 覺得自己是,"
127,很不快樂。 之前在國外時有一陣子也不時出現自殺或想撞牆的念頭，
127,有時小孩哭鬧不停時也會對他有厭惡的情緒。
127,想藉這次回台灣去看心理醫生。
127,請問大家有推薦的嗎？ 我看心理治療所都很貴，
127,有點無法負擔。 但如果醫院的身心科是不是都只給你講短短10-20分而已？
133,大家好 上一次我在這個版文大概是兩年前的事情了(還得到
133,當時的我覺得自己可能有精神上的疾病
133,我不清楚是什麼 只是我能感覺到自己在社交場合上不善言語
133,我也能感覺到在多人互動的情形下多半會很緊張
133,我討厭與朋友在一群充滿著我不認識的人的場所
133,"我朋友玩得正開心, 而我卻只能在角落慌張"
133,通常這時候我只能選擇往人少的地方走去
133,"我知道, 我一個人在房間的時候容易胡思亂想(怕人多,"
133,"又害怕只有自己. . .  我知道,"
133,有些討厭的事情一旦需要面對我就會崩潰
133,. . .   還有很多很多我可能一時之間無法詳細說明的狀況
133,當時的我一直在猶豫著要不要去看醫生
133,沒錯 我猶豫了兩年  或許沒有說很嚴重
133,只是我還是想盡早知道一下 自己到底是受到環境刺激引起情緒起伏波動
133,"還是說我個性就是這樣啊, 我能怎麼辦,"
133,"那種無能為力的感覺 於是, 我還是回到了這裡"
133,"想找一找關於看醫生該注意的事項,"
133,"準備什麼, 以及推薦的醫生 昨天做這個決定的時候我翻了翻文章"
133,"跟兩年前一樣 很熟悉, 很想哭(好啦"
133,真的有哭) 很多時候我也管控不了自己的情緒
133,別人怎麼說安撫的話就是不管用
133,但神奇的隔一天又完全好了 唉
133,話說昨天又回去看網路那個董憂鬱症量表
133,"現在覺得問題都好籠統, 感覺回答那些問題不能代表什麼耶哈哈哈"
133,畢竟我情緒都是一陣一陣的 有時候可以哭上一個禮拜有時候都沒哭(笑
133,會不會去看醫生也丟那個表給我啊(喂
133,另外 最近情緒上表現的倒是不錯
133,"至少微笑大過於眼淚 想把握這短暫的幸福感,"
133,抓緊太陽:  ------------------------------------------------------------------------
133,回到重點好了 前面主要是講個大概情形是怎樣
133,我想問問的是大多數的資源都是在台北市
133,"那 1. 有沒有比較推薦看診的心理醫師呢?(初診希望可以細膩一點,"
133,"問很多問題我可以) 2. 一般初診完之後是不是醫師都還不會明說,"
133,然後多複診幾次才可以斷定? 3.
133,"排除諮商的話, 一般費用大概會介於多少?"
133,"(每個月來算, 因為還是學生這部分要自己負擔)"
133,"4. 我很擔心出糗, 是不是該先把想說的事情寫下來?"
133,5. 痾. . . 想不到問題了
133,大概就是以上幾點問題想問問各位版友
133,"因為什麼都還沒接觸過有點膽怯,"
133,希望能得到一些建議 謝謝各位:)
133,希望能在下個禮拜就順利約到看診
141,可以推薦位於屏東縣市的精神科醫生嗎?
141,想要去醫療院所找醫生問看看是心理的關係還是生理的關係
141,如果是生理的話那不就屬於精神疾病的範圍了?
141,可以推薦屏東哪裡的精神科或醫生是比較有同理心或比較願意傾聽的嗎?
142,明天要去看醫生了 我真的很不喜歡就醫
142,接著要準備履歷， 希望能順利面試錄取
142,那就太好了  今天只吃了一個麵包，
142,心情真的差的沒胃口， 身體好痛
143,， 每次想鼓起勇氣告訴身邊的人我想看心理醫生，
143,卻總是被念「是你想太多了」、
143,「不要去亂想」、 「你是發生什麼事了」.
143,. .  其實看了這個版很久了.
143,. . 覺得我真的該看醫生了，
143,想睡了睡不著、 睡了又睡不飽睡不好.
143,. .   請問有人能告訴我高雄左營或三民區可以看心理醫生的地方嗎.
144,最近在工作與自我方面出現了一些問題
144,工作方面是出了社會就一直從事這方面的工作
144,約做了五年左右， 但是這一直不是我要的未來
144,不過薪水部分讓我一直撐下去 一直到最近，
144,腦海中一直有不想做了的念頭 覺得很糟糕，
144,平常也沒有規劃， 導致對於自己未來迷惘
144,開始胡亂思考， 是不是自己要被社會淘汰的恐懼
144,最糟的情況曾經想要離開這個世界
144,以及前陣子經歷過幾段感情的失敗等等
144,想要去看看身心科 希望能找到解答
144,請問高雄市區有推薦的身心科診所嗎
145,由於工作壓力跟新手媽媽的雙重壓力
145,自知在工作與家庭兩者之間快喘不過氣了
145,想求助身心科 請問土城板橋是否有推薦的身心科醫生
145,希望是能理解我這樣處境的醫生
145,而不是只會指責跟要求的 謝謝大家
146,各位鄉民大家好  有點懷疑是不是青春期後以為減緩的躁症又發作
146,想詢問各位台南版的鄉民朋友，
146,是否台南市區（中西區或東區）有推薦的精神科診所，
147,放年假的第二天起床腦袋還在思考工作的事情
147,想請問大家台北有推薦的身心科診所嗎
148,睡眠時間又錯亂  整個精神狀況不是很好
148,所以想請問台中版的大大們有推薦哪一家身心科的
148,抒情去過了 不過他初診已經預約到6月了看不了
149,不好意思想請問高雄有擅長感情問題及創傷的心理醫生
149,歇斯底里 以至於現在對感情的看法及心態跟以前完全不一樣
149,我不知道自己是不是生病了 有版友推薦看哪裡的身心科或是心理諮商嗎
150,本版首請見諒 小弟本身就有輕微的二尖瓣脫垂
150,有點類似心臟病的病症， 但又不是經常發生
150,比較常在我情緒激動時會發作，
150,最嚴重就是心悸跟全身暫時性麻痺
150,而最近兩周似乎已經不只是這個問題了
150,很多很多事情在短時間內一次衝出來，
150,像是感情與家人兩邊同時都快失去了
150,平常睡眠狀況就不好先不提， 最近幾天睡眠中斷的情況比過去更嚴重
150,連醒著時都有些症狀， 像側腹隱痛跟滿嚴重的胸悶，
150,偶發性頭暈想吐 在家原本喜歡畫畫來紓壓，
150,也已經好幾天畫不下去了 光待在電腦前就很不舒服
150,今天班上到一半感覺後腦勺被什麼重擊了一下
150,一堆有得沒得想法像硬塞似的一下灌進腦中
150,沒有很想哭， 但很像發燒整個人很不舒服，
150,馬上就衝去陽台喘氣 對於憂鬱症，
150,以前都是從朋友口中提到或自己查詢文獻資料
150,我知道這東西沒有發生在自己身上不會真正體會到
150,所以我也不知道這點症狀是不是跟憂鬱症有關
150,在版上爬了文章， 因為住台中所以就趕快先掛了明晚的卡爾醫生
150,第一次掛身心科. . . 不知道明天自己還有沒有這個勇氣踏進醫院
150,打到這又好難過， 不知道自己為什麼會變成這樣
152,目前自己表面上看起來沒什麼問題，
152,，  本來一直逃避， 說服自己我只是自我太重把問題放太大了。
152,可是失衡的問題已經開始影響我的生活了。
152,讓我決定要去看醫生。  請問在情緒和飲食方面，
152,板上有人去過佑泉診所嗎？ 評價如何呢？
152,推薦哪一位醫師？  我很在意醫生能不能傾聽我的狀況，
152,陪我一起找出失常的原因並改善.
152,. .  另外雖然有健保給付，
152,可是一次看診費用是多少？  
153,自從我嫁了之後，   以前當人家的女兒，
153,不管在外面遇到什麼挫折~  回家可以抱怨~可以發洩~~
153,現在當了人家的媳婦， 受了委屈~不能回家哭訴~
153,跟老公哭訴又變成挑撥離間!!!
153,越來越不開心的我~~我不知道要怎麼釋放我的壓力
153,生了第一個之後， 因為比較多時間可以運動或者是可以帶孩子一起運動~
153,所以瘦的很快!!所以第一胎我還沒有任何問題~
153,很快的~我生了第二個~~因為兩年的壓力越來越大~
153,婆婆挑剔一天比一天誇張~而且還到處亂講話~
153,所以我開始暴飲暴食!!!但因為第二胎已經胖很多了~
153,餵母奶期間又暴飲暴食~~變成更胖~~
153,要瘦下來自然也更難~~!!!
153,因為一直被笑胖~~所以我靠著我的毅力~以及因為餵母奶~
153,所以很快的~兩個月瘦了17公斤!!!
153,但是因為停滯期出現， 加上那陣子剛好婆婆變得更挑剔~~
153,我又一直想減肥， 暴飲暴食~又想減肥之下~
153,變成催吐!!!本來以為， 一次兩次而已~~
153,結果也不知道為什麼. . .
153,就這樣吐了半年!!!  一直到前陣子，
153,我吐血了~~~我停了大約兩三個禮拜都沒再去吐~
153,最近又開始了~~想戒~戒不掉!!!
153,看了很多資料發現， 催吐也是一種心理病~
153,也是要看醫生的!!!所以想問大家知道不道沙鹿這裡附近
153,有沒有比較好的身心科??大醫院或診所都~~
154,， 不過因為狀況有時會變好，
154,就一直催眠自己只是短暫情緒低落而已，
154,不要想太多，  但這星期又發作，
154,雖然表面上裝作沒事，  其實已經影響到我的生活，
154,完全無法做事  預約掛號都要等兩個星期，
154,我怕到時我又跟上次一樣臨陣退縮取消掛號，
154,想明天早上就去台大醫院看醫生，
154,但網路掛號名額都滿了，  所以想問板友們，
154,台大精神科初診早上的陳宜明醫生現場掛號掛得到嗎？
154,是還有另一個醫生， 不過另一位感覺很熱門，
154,會很難掛  至於為甚麼不去其他醫院，
154,因為我看台大有特別開設初診，
154,看診時間比較長， 我是那種防備心比較強的，
154,需要一點時間放鬆才能好好說，
154,所以才選台大， 真的很怕因為後面病患很多，
154,醫生覺得不耐煩趕我出去，  那麼我下次可能就沒辦法再鼓起勇氣去看診了
154,另外， 因為家雖然在新北， 但有點遠，
154,"可能要九點半才能到醫院, 這樣掛得到嗎?"
155,請問台北有推薦的夜診身心科嗎
155,本來想找住家附近的身心科 不是偏貴
155,就是評價很兩極 （本來也會因人而異)
155,想去看醫生 還請各位鄉民幫忙推薦
160,嗨大家好 我是第一次來發文的版友
160,本來想先自介 但還是希望先看過一次醫生後再來自介
160,這幾天打算要看精神科的心理醫生
160,因為怕到時候不知道要說些什麼
160,想要把重點整理起來先寫在一張紙上
160,到時候可以直接拿給醫生看 但我寫了幾次
160,覺得好難寫 寫一寫又揉掉 今天寫這樣
160,明天說不定又覺得要那樣寫才對
160,要把我的精神狀況用文字表達出來實在太困難了
160,我有做過網路上的憂鬱檢測 評分結果看起來都很嚴重
160,我也不知道該怎麼說 說不定有人覺得我在自暴自棄
160,或是在裝死 但我真的覺得很.
160,. . . . 怪 不過我想醫生應該判斷得出來到底是不是真的憂鬱症吧??
160,我想就這樣寫好了 不知道會不會太多??
160,不過說不定到明天又會想改了 ===============================================
160,從國中開始就有一點憂鬱症症狀了
160,之後有越來越嚴重傾向 但我還沒有想到要找心理諮商
160,情形是我在人群中很自卑 除了少數幾個好友外
160,遇到不熟的人 平時還可以做一點應對
160,但不敢主動跟人說話 也不知道要跟人說什麼
160,孤獨的時候很害怕 很討厭被人看到
160,還有就是覺得大家都看不起我 我覺得自己一點用都沒有
160,沒有人需要我 大學畢業後 開始出現對任何事情都提不起興趣的症狀
160,覺得做任何事情都沒意義 不管做什麼
160,就是覺得空虛 最近因為感情受挫
160,情況更嚴重了  每天醒來第一個感覺是
160,我到底要靠什麼活下去? 如果感情順利
160,是不是就不會有這些症狀了呢??
160,也許不會有 但我肯定會出現另外一些症狀
160,我大學交初戀女友時 整天都處在提心吊膽的痛苦中
160,因為都要一直猜對方在想什麼 一直想下一步要怎麼做
160,可是最後她還是甩了我 現在晚上睡覺時
160,很容易失眠 失眠時會一直想到喜歡的人
160,就算睡著後不是做惡夢就是一些很奇怪的夢
162,晚上我網路掛號了 3/3 新竹馬偕身心內科
162,陳頌威 看的好還是不好再來跟大家推薦
162,第一次= =我好緊張 ~~~~~~~~~~~~~~~~~~~~~~~~~~~~~~~~~~~~~~~~~~~~~~~~~~~~~~~~
162,今天睡到下午起來 第一個念頭竟然是~離開
162,我嚇傻了  人前我為了我重視的人
162,逗大家開心 幫大家解決問題 那我呢
162,誰來當我心中的支柱 慶幸我還有一個快10年交情的好友
162,跟親人一樣了 前晚似乎感受到了我的瘋狂
162,隔天就傳了簡訊給我問我的近況
162,(他是那種簡訊白痴. 打字的時候會一直不小心刪掉自己打的字的那種)
162,我睡了一整天起來回撥給他 她說:你不要逼我押著你去看醫生喔
162,她說:厚~我超想拿摺扇狂敲你的頭
162,~~就一種~~暖流吧~~ 我又哭了
162,也許我心中的小宇宙在崩解 但我很難捨棄這份友情
163,我跟在一起七年的男友分手了 
163,我從暑假前生活開始變得不正常
163,都要到半夜三四點才睡得著 睡兩三個小時之後又去上課
163,暑假後更糟. . 有時到天亮了才逼自己睡
163,不是一直醒來就是睡沒多久就醒了
163,一起床就有嘔吐感. . 什麼也不想吃(我也不覺得肚子餓)
163,我根本是為了吃飯而吃飯. .
163,而且吃沒幾口又想吐了. . 
163,我不曉得要怎樣停止這一切. .
163,我該請醫生開藥幫我調整睡眠或什麼之類的嗎.
163,.  而且我現在又開始頭痛了.
163,.   新莊有不錯的醫生嗎…
168,我想問一個有點愚蠢的問題. .
168,. . 大家都怎麼跟醫生陳述病情?
168,我不確定自己是不是憂鬱症  目前的我是處在憂鬱爆怒完後的冷靜
168,算是幫上星期的自己求救 憂鬱的發生常常引爆點是在男友忙工作不理我時
168,負面情緒常常像一股激素直衝腦門
168,完全無法控制 我們住在一起，
168,他幾乎是我的生活重心 我也有很好的工作
168,但我就是無法像他一樣當個工作狂一切以工作為重
168,在憂鬱男友不再像以前一樣愛我時
168,我也同時好恨這個世界 討厭崇洋媚外的人、
168,討厭不環保的人、 討厭種族歧視、
168,討厭有錢人. . . . .
168,那種厭世的感覺好真實好可怕 爆怒的情緒來時
168,常常強烈到必須用全身去撞牆才能紓解
168,像蠟筆小新裡面妮妮的媽媽一樣
168,"我從小到大都是""乖乖牌""學生"
168,從來沒想過自己會如此失控 但
168,上述的種種情緒又往往會在一星期內消失恢復正常
168,如果工作上又稍有成就的話， 還會進入狂喜狂階段
168,如果我在冷靜期或很開心的時候去看醫生
168,醫生會不會覺得我在自導自演?
168,但憂鬱期的時候哭都哭到沒力了
168,怎麼有辦法去找醫院、 掛號、
168,看診?? 另外也想問台北市中正區哪裡有好的醫生是晚上有看診的?
168,問題好長. . . . 謝謝
169,我是桃園人 已經有打算要去看精神科了
169,(最嚴重是失眠跟暴飲暴食， 還有反應變遲緩)
169,我的壓力來自於家庭跟工作 不知道如果被診斷出有心理疾病的話會不會影響到我工作?
169,比如說醫院會讓公司知道 或者是有個紀錄在工作會比較難找
169,另外想知道桃園有什麼不錯的精神科醫師嗎
169,還有憂鬱症的話通常醫師的治療是怎樣的
171,覺得生活沒意義  上個月跟老公講
171,老公一直叫我去看醫生 但我還不想
171,希望能自己好 老公請我去跟好朋友講
171,我也不想 因為不覺得會有幫助
171,也怕朋友用異樣眼光看我 也不敢跟媽媽講
171,怕媽媽擔心 今天的心情還 上週六回娘家
171,跟朋友出去吃飯 聊完天 心情蠻好的
171,但週日中午接到老公的電話說下午要幫家裡租屋的房子搬電視去
171,就開始不開心 還哭了 我猜應該是因為之前我覺得我跟老公假日才見面
171,我們有自己的行程 為什麼公婆要叫老公去做事情
171,明明公婆已經退休 時間很多 但是我也知道老公個性
171,如果家裡有事一定會幫忙 可能有時候就會犧牲我
171,我就會不高興 但也不至於那麼不高興
171,頂多念一下 但昨天卻跟老公吵架了
171,老公也不算脾氣很好的人 我希望老公可以想些方法讓我開心
171,或是至少跟我在一起的時候表現得開心一點
171,讓我也覺得很開心 老公卻說 我這個狀況也讓他開心不起來
171,他擔心我 覺得我不願意去看醫生
171,他很生氣 還對我大吼 他說他因為不知道怎麼辦
171,所以想說兇我 看我會不會聽話去看醫生
171,被吼的我當然是更不高興 馬上大哭
171,我覺得我只告訴老公 不開心的因素之一應該是因為是工作
171,我是補習班的教務 當初簽約兩年
171,前一年半做的還 但最近一方面要好的同事離職
171,一方面女主管很機車 一直做一些不合理的事情
171,也交代我做 讓我的工作綁手綁腳的
171,很難做事 也做得不開心 有時候沒上課的時候又沒什麼事情
171,無聊到上到不想上 不知道該怎麼打發上班時間
171,坐在哪邊裝忙也很痛苦 簽約兩年到七月底截止
171,之前女主管在四月初就逼我決定是否要續簽一年
171,不然就做到七月底離職 我不想簽約
171,所以跟女主管說好做到八月底 因為七月底我剛好要辦婚禮(已經先登記)
171,想說可能沒空找工作 所以延到八月
171,現在卻有點後悔 但我也不敢跟女主管說
171,因為女主管很愛告人 叫人賠錢之類的
171,我也不想有糾紛 就想做算了 做到期限吧
171,反正也快到了 生活上除了工作之外
171,應該也沒有其他會讓我不開心的因素
171,所以當我發現我好像已經無法快樂的時候
171,我自己也覺得莫名其妙 我本來想說可能一陣子就好了
171,尤其我每次哭完之後 就會覺得好多了
171,前一陣子還覺得好像要好了 因為持續了一兩個禮拜不陰的天氣
171,結果昨天又莫名其妙因為小事哭了
171,看醫生又怕吃藥有副作用 又沒效
171,又花錢 (因為我還有就學貸款要繳)
171,不知道有沒有推薦有健保的不錯醫生或是諮商?
171,(台北市) 看醫生真的會害怕他人眼光
171,又是另一個壓力 唉 目前是想試試看華心網的20分鐘免費線上諮詢
171,不知道有人用過嗎? 效果如何?
171,感覺現在維持晴時多雲 一兩個禮拜會陰天一兩次的情況
171,不知道有沒有跟我一樣情況 然後已經變好的?
171,很長的狀況說明文 感謝閱讀~
176,處在一個很低落什麼事也無法做的狀態
176,常常覺得很痛苦然後就開始大哭
176,吃不下東西(像我今天一整天就吃了個滷蛋)
176,覺得活在這個世界上實在很痛苦
176,上網去做憂鬱症檢測表 做了幾個都是建議我去看醫生
176,可是我的問題在於 我好像也沒有特定因為什麼事而感到而難過
176,我過去沒有什麼陰影 現在其實課業家庭也都好好的
176,我不知道自己到底是因為什麼而感到痛苦不堪
176,本來想說要去看醫生了 可是又不知道該跟醫生說什麼
176,像我這樣沒有特定原因該去看醫生嗎?
176,如果去了該跟醫生說些什麼呢 
176,另外 我在台北 爬了文看到有幾個版友推薦的醫生
176,像葉醫師或許豪沖等等 但其實我課有點多
176,有點擔心病人太多會等太久 想請問還有其他推薦的醫生嗎
189,雖然我不會真的傷害自己， 但是曾想過如果這麼做之後情況會是怎麼樣，
189,明白無濟於事， 可是很不快樂
189,加上近期嚴重失眠， 天天腰不舒服、
189,整個背隨便按都是痛的， 每天都是早上九點半才能趴著漸漸入睡
189,從以前就習慣熬夜， 可是這也太難受了
189,雖然以前有過諮商的經驗， 不過這是第一次想真的去看醫生了
189,不過昨天打去診所後說晚間不收初診、
189,不接受預約、 一個診只收兩個或是大家推薦的醫生也沒看診，
189,我有點困惑， 是直接去堵醫生的意思嗎.
189,. . ？   也看到有文章說吃藥之後會更嚴重
189,導致憂鬱症之類的， 我是不知道我有沒有，
189,可是有點害怕. .   我也不想嘗試別人不推的醫生，
189,雖然每個人的感受不同， 可是我實在懶得一件事跟好幾個人說，
189,更何況都是不開心的事  也不知道看醫生時該跟醫生說什麼，
189,真的有時間可以說這麼多？  還是可以前幾天寫個日記然後看診時再給醫生看？
189,因為耽溺於過去的事， 自己過不去，
189,被身旁的人說自己有病， 我不知道是不是玩笑話，
189,可是說久了、 哭久了、 憤怒失望久了，
189,再加上身體的抗議， 我也覺得自己該看醫生了
189,可是就連現在要找精神、 身心醫生我都找不到，
189,還要等  因為地域的關係， 我目前鎖定紓情診所、
189,心身美， 可是我看不懂該怎麼約醫生.
189,. . . . . 不接受預約的話是我要去跟別人搶那兩個名額的意思嗎_____
189,希望今晚能順利睡覺. . .
190,嗨 我沒想到我會來這裡發文 遇到了人生中的挫折，
190,改變了我整個人生 這次的經驗讓我向前走也跌倒了
190,唯一確定的是我很清楚我生病了
190,需要找醫生聊天  已經到了想傷害自己的地步了
190,打這篇的同時我也從剛剛的情緒中撐過來了
190,我想告訴我自己：你已經做得很好了，
190,你做到了 不傷害自己  我會去尋求專業協助，
194,本來就是容易想太多的人 最近狀況感覺更嚴重了
194,任何一點小事都可以把我打落谷底
194,覺得自己很沒用、 生活失去目標、
194,錢永遠都不夠用 好想找個地方躲起來什麼事都不要做.
194,. .  努力想讓自己活的像正常人
194,但在別人眼裡我還是非常奇怪吧
194,甚至有幾次還牽怒小孩， 真的很對不起他們.
194,. .    想去請醫生開藥給我吃（先生覺得是我沒用又想太多，
194,根本不用看醫生） 但我沒有多餘的錢做諮商.
194,. . 這樣會有用嗎？   另外想問有人去過古亭站的蘭心診所嗎？
194,還是有哪邊的診所比較推薦呢？
194,（台北） 第一次看醫生真的很緊張，
194,但覺得自己不看不行了 也不知道去了要跟醫生說什麼.
194,. .  說自己最近心情很差這樣嗎？
194,不好意思打了一篇這麼混亂的文章
198,剛剛去做了憂鬱情緒線上檢測 40分
198,我不知道算不算高 不過上面說著心有小感冒
198,小感冒應該還不會嚴重吧?? 
198,"不知道從幾個禮拜前就開始睡不著,"
198,一躺在床上就開始想明天應該做些什麼
198,跟同學講些什麼 我還有什麼沒做
198,應該要練完琴才睡的 但我卻沒有
198,每天都是天亮了才睡著 我有睡覺
198,不過都是早上才入睡. . .
198,所以早上的課都完了  晚上又很懊惱.
198,家人說只不過是因為時差錯了 所以才會這樣
198,但是我也曾一個晚上都不睡 早上也去上一整天的課.
198,. 晚上回來躺在床上  好累好累
198,但是依舊睡不著 一直到隔天早上又入睡.
198,. . 課又泡湯  我想著好多好多的事情
198,我天天擺著不同的面具 我不想唸書
198,我不想練琴  我想著我的未來是不是就應該照著父母安排走完
198,從小到大 最乖巧的孩子總是最聽父母的話
198,可是我好想說不  我好想脫離軌道
198,每次只要一煩  我就開始會拉扯自己的頭髮
198,或用指甲掐肉  當然 我會把窗子緊閉
198,不讓同學看到這一幕  大家比較喜歡開朗的人
198,我曾經也是 我不想破壞這種形象
198,但是我越來越不想交談 只想躲在家裡
198,跟狗狗在一起 我想跟它交換身份
198,我知道最近很多憂鬱症吵熱 我也不想讓別人閒言道語
198,"""憂鬱症憂鬱症誰都馬有憂鬱症"
198,"你以為世界會因為你失眠就停止嗎?"""
198,我知道不會 而且就是因為知道不會才越覺得難受
198,為什麼我睡不著 為什麼我會如此悲觀暴躁
198,我不懂  我更怕去看醫生時 醫生會說
198,這種小事. . 不用來看醫生吧
198,我不知道這到底是大是小  我只知道我真的快失控了
198,從阿姨那裡拿到的安眠藥都吃過1個小時了
198,卻一點睡意都沒有  為什麼.
198,. . 我後天就要上台了. .
198,. 時間不允許我不睡. . .
198,我好煩阿. . .   請大家幫幫我
198,應該怎麼做  如果真的要看醫生
198,可推薦高雄鳳山一帶的醫生嗎?
198,謝謝看完所有的文章 對不起 
199,於是掛了台北榮總的張凱理 第一次去看精神科
199,不知道醫生會怎樣問診 我想請問各位，
199,各種情況是要自己講還是說等醫生問？
199,醫生會不會三言兩語就打發我？
199,我聽人家說精神科都要看很久，
199,可是我看掛號號碼都七十幾號～
199,那一個下午看診怎麼夠啊？  超擔心醫生很快就打發我
199,如果真的是這樣， 我想我會更嚴重吧
199,所以才要請教各位大大   6
199,我是要一開始就把自己為什麼來看病說清楚嗎？
199,還是等醫生問就好了？ 謝謝各位
200,拖了幾年. . . .  我以為自己沒病，
200,固執地一直這樣以為著. . .
200,. . . .  前年被好友逼著去看病，
200,但我害怕， 當天隨便搪塞藉口逃掉了.
200,. . .   我真的想快樂起來.
200,. .  想對自己寬容也對他人寬容.
200,. . .  我不想再這樣一直憤怒，
200,而且還覺得別人居然能夠那麼愉快是一件極愚蠢的事.
200,. .  不想再被黑暗的力量吞噬掉了.
200,. . .   最近， 下定決心想去看醫生了.
200,. . .  雖然我還是很討厭醫院那種地方.
200,. . .  我惴惴不安著.
200,. . . 我要跟那個陌生人(醫生)說什麼?
200,我只想到尷尬/侷促/緊張/不安.
200,. . .   有沒有人可以提供一下第一次看病的經驗?
200,我真的很不安. . . . .
207,我知道是因為被劈腿欺騙的關係
207,而且每天在實驗室還得碰面  只要一看到他就很煩燥
207,會很想拿東西丟他 砸爛他桌上的所有東西
207,可是又不能真的這麼做 一直悶著
207,好痛苦  晚上也都睡不著 本來就有失眠的困擾
207,最近變的更嚴重  白天可能因為睡眠不足
207,手會一直發抖  和別人講話 好像有在聽
207,可是又覺得自己像是站在不相干的遠方
207,然後情緒變的很不穩定  像剛剛想掛號看精神科
207,掛不到就大哭 我自己都嚇了一跳
207,我好怕自己去看醫生的時候 會哭給醫生看耶
208,其實對於自己這樣的情況， 已經發現很久了
208,但是到最近才覺得在這樣下去，
208,我沒辦法好好的過日子. . .
208,.     小時後的我本來是個感情豐沛又超愛哭的小孩
208,第一次發現自己改變， 是外公在家裡跌倒(外公中風後那陣子須靠枴杖)
208,朋友剛好在家中唸書， 聽到跌倒的巨響後，
208,朋友以為是鍋子倒了的聲音沒多想
208,我當下就知道那是外公房裡的聲音，
208,是外公跌倒了但我大約思考了一分鐘之後
208,才冷靜的說出口問我朋友， 「你們要一起去幫我扶外公嗎?他跌倒了」語氣也很平靜
208,之後我朋友就一直唸不下書， 他說為什麼我家人跌倒了我卻還可以這麼的冷靜
208,問我爲什麼， 我也不知道， 就是沒感覺(這時我國中)
208,其實回顧小時後的時間點， 大概猜想的到其中一個原因
208,有次外婆血壓飆高， 半夜緊急送醫，
208,那次我哭了整個晚上， 很擔心也很難過
208,隔天我醒來時外婆已經康復， 和所有親戚都在客廳聊天
208,這時才國小的我帶著哭腫的眼睛出去(因為傷心了一整晚)
208,卻被大家嘲笑， 說我竟然還哭了一整晚，
208,還有說看我平常的樣子  不知道原來我這種人也會因為這樣而哭，
208,當下我表面附和著微笑， 轉身走回房間
208,那個從小愛哭的我又哭了， 哭著發誓，
208,再也不要因為他們發生什麼事情而難過
208,再也不要被別人看見我因為感情而哭泣的樣子
208,"這是我想的到和現在比較相關的事情中比較重大的其中一件(其實還有很多小事情"""")"
208,結果， 到現在我發現我真的很多感情都不見了(小時候真的不要亂發誓.
208,. . |||)   後來，
208,我很親的姑姑死去時我卻覺得很不真實，
208,一滴眼淚也流不下來  雖然大約3個月後洗澡時想到她死了有突然哭出來，
208,但洗完澡又覺得沒有感覺   最近(現在我快大學畢業了)，
208,這樣的問題也在我和男友中浮現
208,他說也許他不該那麼信任我， 因為「他不知道我對他的關心是真的還是假的」
208,很可悲的是. . . 我也不能確定自己對他的關心是真的還假的.
208,. . .   我只能告訴他.
208,. 一半一半吧   (不然我還能怎麼做呢？
208,至少不要騙人吧. . 讓他去決定)
208,而前天， 外婆身體又突然不舒服，
208,但看到眼前的她痛苦的模樣， 我卻一點感覺也沒有
208,後來外婆被送去醫院， 是結石需要住院開刀，
208,聽到這個我也還是沒感覺  甚至只想逃的遠遠的，
208,不要扯上任何關係(平時我們關係不錯，
208,我也知道她關心我)   看到身邊應該關心的人出事，
208,我親眼看著就在眼前， 我應該要有感覺會難過會緊張
208,可是我卻什麼感覺都沒有， 當下發現自己真的一點感覺都沒有時.
208,. .   還真的很想哭(不是因為親人難過，
208,而是因為覺得自己怎麼會變成這樣)
208,以前母親發現我類似狀況時， 對我說那就看看別人在這種時候怎麼做
208,去學習他們， 學久了假裝久了就會變成真的
208,於是我在朋友或身邊的人發生意外時，
208,我還是會講些我該講的所謂的關心的話
208,但是， 過了這麼久， 還是沒有變成真的
208,普通人自然就能反應出的關心，
208,我卻怎麼做也做不到， 我就是沒有感覺
208,我好難過， 這就跟瑕疵品一樣嗎?怎麼努力都不可能是正常的
208,我也想要有感覺， 我也不願意像現在這樣，
208,我不想要這樣  但事實呢？ 我就是這樣.
208,. . 就是沒感覺. . .
208,這樣的我， 一輩子也沒辦法找到屬於自己的幸福，
208,好好的生活下去吧. . . 
208,而要對身邊的朋友或親人講也有點困難，
208,讓朋友或親人知道你對他完全沒感覺
208,即使他突然發生意外或死亡， 我也不會有任何的感覺.
208,. . 這樣對方會覺得恐怖吧.
208,.   這樣的話， 這件事情還真的很難完整的和認識的人討論.
208,. . . . . . . 
208,但是現在我覺得這嚴重影響到我的生活，
208,我不想繼續這樣過下去  男友那樣質疑過我後，
208,最近他生病， 我更是連關心的話都說不出
208,因為我不知道自己到底是真的關心還是假的了？
208,說不出口. . . 感覺好.
208,. 悲哀. .    所以我該去看精神科？
208,還是去找諮商？ 想順便請問一下價格
208,由於還沒有出社會， 沒有什麼錢，
208,想等不久畢業通工作後存錢去看個精神科或諮商
208,讓自己能夠正常一點  其實除了上述的感情問題也還有些額外的問題=
208,=  但怕文章太長， 就不寫那麼詳細了，
208,先寫我覺得影響最大的問題  想請問大家有沒有什麼其他的意見?或者該往哪方面去找資訊之類的？
210,我覺得自己的個性很古怪，  
210,還有一些人際關係上的困擾， 
210,我對很多人總是具有很侵略性的對話，
210,不論我喜不喜歡這個人， 都會自然的用這種方式跟他講話.
210,. . . .   已經發展到我無法自我控制的地步了.
210,. . . .   還有一些很嚴重的精神上的潔癖，
210,我人在台北， 請問大家有推薦的醫師嗎??
210,下個禮拜我就想去看。   在此先謝謝大家。
211,最近又開始胃痛， 去年十月到六七月也有這個情形，
211,因為本身是學生， 再加上胃痛通常是早上空腹時，
211,原本看的醫生都是胃之類的生理上的醫生，
211,可是最近開始覺得是不是開始去看「心理」上的醫生。
211,曾經有個老師對我說過：我都是早上不舒服（然後就請假比較舒服才會去學校），
211,要想想是不是我早上在逃避甚麼東西呢？
211,以前覺得我沒有在逃避甚麼， 因為我很喜歡去上課，
211,可是這句話卻一直放在心裡放到現在，
211,現在反而覺得好像有那麼一點道理。
211,因為老師和同學都不喜歡我請假，
211,然後有時候去到學校會覺得他們根本就是覺得我是睡過頭，
211,我不喜歡這樣子自己不被信任。
211,他們都有看過我胃痛， 而且那次還特別嚴重我整個人趴在桌上起不來，
211,而且也一如往常痛完就全身沒力，
211,根本不能回家。  可是我不知道為甚麼我卻又老愛裝得自己沒事一樣，
211,明明就很痛苦就硬要跟別人說沒關係。
211,（其實心裡還是希望被關心的）
211,然後我不知道他們是真的覺得我不要緊還是怎麼樣，
211,就覺得我早上請假可能也「沒關係」甚至覺得可能只是睡過頭。
211,最近請假的頻率越來越高， 一開始是因為又開始吃西藥
211,（中間有停兩個禮拜吃中藥， 有戒斷的狀況）
211,然後醫生不知道幫我開甚麼藥我吃了覺得全身很疲憊（連說話都沒力氣）、
211,怕冷。  （有開做安眠可能是這個關係，
211,醫生也強調過很多次我胃不好很大的原因是因為容易緊張，
211,還建議我去做瑜珈等讓自己更容易控制自己放鬆的運動）
211,可是現在停掉之後還是覺得很疲憊，
211,是比較沒那麼嚴重可是就是跟平常不一樣。
211,我有跟同學說過我可能因為藥的關係所以很不舒服，
211,（那天趕過去好像臉色真的很差嚇到很多人）
211,可是我不敢跟班導說， 我也不知道該如何跟他說，
211,好像每次都這樣子， 我覺得我很怕他。
211,（他也不會問我） ，  而且我最近發現我跟小時候差很多，
211,我現在很怕正視別人的眼睛（但還做得到），
211,小時候是不管怎麼樣跟別人說話都會對著眼睛，
211,我不知道這樣是否正常？  因為班導很喜歡看著別人的眼睛說話，
211,可是我都不敢對到他的眼睛。 
211,最近這兩天想休學的念頭很嚴重，
211,我不知道是不是我又想逃避， 
211,可是我就覺得我這樣子下去不行，
211,想好好休養一陣子再回學校， 
211,但自己又沒把握是不是休養過後就能改善，
211,我不知道我這樣算不算有病， 
211,剛剛去做憂鬱症自我檢測分數是37，
211,（高於29就要看醫生了） 我很怕我自己真的有心理上的疾病，
211,因為我身體真的很差已經四處都是病了，
211,可是我又想說會不會根本就是心理疾病導致身體差，
211,我在想要不要去掛精神科去做看看諮商、
211,檢查這樣，  如果要去的話一定是我自己去，
211,因為我不敢跟我爸媽說， （我跟他們不是很熟）
211,打算說如果真的有病需要治療再跟他們說，
211,順便跟諮商師討論休學的問題。
211,不知道各位是否建議我去看精神科呢？
211,或者是我看起來根本沒病？  如果要去看醫生的話，
211,振興醫院大家有推薦的醫生嗎？
211,抱歉文章這麼冗長， 感謝大家看完。
212,自從2年前在公司摔傷脊椎骨折之後
212,每天都全身痠痛肩頸僵硬很不舒服
212,下雨天、 生理期更不用說  
212,躺在床上爬不起來  漸漸的.
212,. 睡不好 因為腰痠背痛躺太久也會不舒服
212,坐不住也站不住  脾氣也因此變得很差易怒
212,一點小事情我就大發脾氣  因為跟公司打官司(請他負責)
212,睡覺常常驚醒   也沒有辦法工作
212,也不會想出去玩 出門除了復健
212,買飯之外就沒了  我是不是該去看精神科
212,還是腦神經內科呢 每天都覺得很不開心
212,"另外, 我在高雄. . 有沒有推薦的醫師呢?謝謝"
216,今年生活上遇到很多問題都處理得很糟糕，
216,新竹也沒可以談心的朋友。  
216,也因為一些事情猶豫不決把女朋友氣走，
216,但還是一直想回去找她，   覺得自己快變恐怖情人了。
216,新竹地區有推薦的醫生可以去聊天的嗎？
217,大家好 因為接連遇到女友分手和學業的挫折
217,又遇上車禍受傷手術  已經快一年多了
217,覺得不能再這樣下去了 想請問一下
217,台北有哪些治療憂鬱症的醫生比較有耐心
218,(一直以為是巨蟹座的特性) 會莫名的很興奮，
218,講不完的話，  或是笑點忽然很低，
218,一點小事情我都可以哈哈笑或一個人笑很久
218,但是， 卻也會忽然整個人莫名的情緒低落
218,一直發呆或是胡思亂想， 整個人沒自信悲觀到極點
218,什麼事情也不想做， 沒法專注於任何一件事情，
218,最近和死黨出去， 在溝通方面會有很大的落差
218,而我最害怕的是當對方主動跟我聊什麼時，
218,我無法從人的臉上去判斷對方的情緒，
218,所以會變得不知如何回應， 也許笑一笑，
218,也許用恩恩， 代表我有在聽你說話，
218,可是這樣的情況一直下去也不是辦法，
218,明明就是很熟很熟的朋友， 可是我卻腦袋一片空白，
218,完全沒有話題，  對於她們的對話也沒辦法回應，
218,越是無法回應， 我整個人就越是低落，
218,總是覺得跟他們之間少了點什麼。
218,尤其知道她們互相都有電話聯繫，
218,有心事會互相分享，  可是我卻從來未接過她們打來與我談天，
218,總是之後才會知道，  一整個就覺得原來我的好人緣都只是假象~~~
218,我也把這情形告訴她們，  雖然她們都說我對她們非常的重要，
218,我是開心的代表， 但是我感受不到我的重要性，
218,現在甚至好害怕和她們出去~~
218,以前的我是很健談也很搞笑的，
218,我也不知道從何時開始變成這樣，
218,也不知道為什麼會變得沒有話說，
218,我真的好討厭這樣的自己， 但我不知道該怎麼辦，
218,整個人完全沒有了自信，  雖然對外我還是會笑咪咪的，
218,但其實我心理還蠻失落的。  我這樣算是生病了嗎??有需要看醫生嗎??
218,各位有推薦的醫生或解決的方法嗎??(我住高雄)
219,最近因為家人出國了  比起以前來
219,情況真的有點糟糕 想要去看看精神科
219,請問新竹這裡有沒有看過的人可以推薦的哪個醫院的哪個醫生呢?
219,因為精華區裡面我沒有看到什麼介紹呢
220,，  一旦有蟑螂， 我就不敢靠近，
220,所以當他爬在門上或樓梯上， 我沒法回家，
220,一旦房中出現一隻蟑螂，  我那天晚上會一直醒過來，
220,確定是不是又出現第二隻，  上網查找，
220,知道這好像叫做簡單恐懼症， 
220,發現好像有治療團體， 而且全程健保，
220,不知是否真有這樣的治療？  板上是否有推薦的醫院或醫生？
220,感謝各位耐心看到這裡 實在是昨天又遇到一隻我快要受不了了.
221,最近因為感情的問題  走不出去自己的過去
221,感覺想找個醫生說說自己的壓力
221,應該去看精神科 還是心理科?
221,不太了解兩者的差別 另外有推薦的醫院嗎
222,希望可以是女生 地點台北市 其實也沒有說有什麼很重大的失調什麼的
222,如果跟身邊人或朋友說我要去看心理諮商他們大概會覺得我很奇怪吧~.
222,~ 但是我自己知道  自從離開青少年階段後
222,大概從來沒有真正開心過 我是很理智的人
222,不管怎麼樣一定會盡可能讓生活繼續正常的運轉
222,但常常想要逃離 沒有發生過什麼非常失控的行為
222,但是最近下定決心 至少給自己一個機會
222,找一個信任的諮商師聊聊 請問有沒有人有推薦的台北市女諮商師呢?
236,有版友是住在台南的嗎？  可不可以推薦台南的醫生給我呢
236,不是很煩躁憤怒就是憂鬱到絕望想哭
236,請版友推薦醫生或是診所 感恩
240,這禮拜翹了好多課， 連小考也沒有考到，
240,明明前幾週就很認真的 ， 終於決定要找時間去學校心輔室諮商，
240,希望之後一切順利， 能讓自己變得好一點，
240,能好好去上課和社交。 爬了板上一些文，
240,真有點怕遇到無法溝通的輔導老師。
240,希望一切會很好～ 不知道把自己的想法和經歷印下來給老師看會不會很奇怪？
252,我終於提起勇氣跟交往三年多的女朋友分手了
252,真的需要很大的勇氣跟承受很大的痛苦.
252,. .  現在睡不著、 吃不下、
252,肚子痛腹瀉，  我知道大家一定會叫我都跟朋友出去玩，
252,不要宅在家裡 但是出去玩真的也快要快樂不起來了，
252,而且朋友也不是天天沒事可以陪我
252,再而且等到回到家裡又是一個人.
252,. . 又是痛苦的開始 不知道我這樣是不是去看心理醫生靠藥物會讓我好過一點?
252,還是我這樣只是小題大作浪費醫療資源呢?
252,我真的想讓我的生活重新回到軌道上，
252,不想再以淚洗面. . .  我住在高雄，
252,不知道有沒有好的心理醫生可以就診?
252,. . 我想要親切一點的醫生，
252,或者藥物真的有效的診所 畢竟要跟陌生人講這些傷心事真的也需要很大的勇氣.
252,. .  更何況眼淚還可能隨時潰堤.
252,. .  這樣不知道有沒有違反板規，
253,感情問題，  搞的心情忐忑不安。
253,。  有時候心情差， 就會處罰自己.
253,. .  受不了的話就去買百憂解來吃
253,持續好幾個月了 藥師告訴我不舒服要去看醫生
253,但是我不知道有沒有到需要看醫生的程度.
253,. .  又不敢去學校的諮商中心，
253,因為裡面有同學在那裡櫃檯打工
253,另外想問， 如果要去看醫生的話，
253,三峽或板橋附近有哪裡的醫生可以看?
253,第一次發文， 看過版龜， 但是如果有違反的話請告訴我
261,明天要去一個成人美語試教20分鐘。
261,但我心裡的惶恐一如往常，  一想到要上台說話，
261,心臟就會越跳越快， 腦中就會一片空白。
261,當初我幹嘛要答應他們的邀約啊，
261,真的是自找罪受。  很羨慕那些上台報告可以侃侃而談的人，
261,像我姐， 我大概一輩子都做不到吧。
261,哎， 明天來打張老師好了. .
261,. ， 有時也想著一走了之。
261,爸爸答應我今年生日要給我兩百萬讓我出國唸書，
261,但我不知道真的假的，  我跟他說我已經34歲了，
261,拖不得了， 他說好， 他會給我。
261,好怕又是一次失望， 如童年時的記憶一樣。
261,如果沒有那筆錢， 我還能怎麼逃離這個國家
263,如題  我不知道為什麼就會突然覺得心好痛
263,好累好想消失在這世界 但如果是塵爆傷者或某某癌症
263,社會上的每個人好像都會瞭解他們的痛
263,我不知道為什麼我要得到這種病
263,我覺得好累 乾脆再多吃一點安眠藥
263,睡久一點看我會不會比較好 我真的瘋了
263,我好想住院 不然我真的要了 這世界太殘酷
263,我好不容易撐到現在 我想讓自己的生活正常運作
263,我想像一般人一樣生活 為什麼這麼辛苦
263,好難 好累 我不是想要死 我只是想要逃離不快樂的世界
264,已經一直在換工作持續一年多 每份工作都做不到半年就走了
264,每天起床都是一場災難 從開始上班到噁心想吐的時間越來越短
264,很恐怖 很恐怖的惡性循環 現在的工作我還沒開始做就開始焦慮想離職
264,現在做了快兩週每天都想去死 每天都想被車撞
264,昨天為了防止自己割腕把手綁起來
264,嚇到男友魂都要飛了 現在的我只是想說話
264,很自私的希望能有一個人專心只聽我說
264,藥開始越來越沒效了 好想吐 我只是很想找個人能好好的聽我說
264,好想去死 然後跟我說沒關係去吧
264,一直休不到假約不到諮商 再這樣下去我會不會有一天就跳樓了
264,我好累了 我不想繼續活下去了
266,。 工作也痛， 騎車也  今天下午工作到後來，
266,越來越崩潰。  好像自己的思考力、
266,工作能力一點一滴在流失 明明很簡單的東西邏輯，
266,我卻要想很久還想不太出來。 
266,我不知道自己什麼時候會喪失工作能力
266,.  下午一直很悲傷、 有一種想哭的感覺
266,隨便查了一間在看憂鬱症身心科的診所
266,結果好不容易騎到那裡， 今天晚上卻休假，
266,幹。  我什麼事都提不起勁 我要去躺在床上了
266,我該怎麼辦????????????????
267,今天本來已經預約好身心科初診
267,去等班次很少的公車卻等不到 上也顯示正常發車
267,等了很久後才發現站牌貼著公告從9月底開始假日停駛了
267,另外一家打過去也說現場人很多
267,今天是星期六 又要等到星期一才能去看了
267,早上還好但到了下午又有一大堆念頭和衝動浮出來
267,更沒有辦法停止去想我身邊的各個關係和支持系統在逐漸崩塌
267,雖然知道這可能是非理性信念但就是沒辦法駁斥自己
267,想著又開始胃痛了 好想哭 原本想去做的事情現在一點也不想做
267,(昨天才從國外回來要來看病)
267,擔心到覺得是不是有點病態 好挫折好無助喔
268,一直覺得自己有病， 從國小到現在大學了。
268,家人說過的這麼幸福怎麼可能有病，
268,所以一直以來抱著想要去死這樣的念頭和平的跟自己
268,活下來了。  遇到不少性騷擾對著我硬起來的男性，
268,即便如此還是覺得愛情很美好，
268,無法脫離愛情的我 ， 也好險遇見了你，
268,但是你的完美你的自我要求還有不愉快時的冷言冷語都讓我好痛苦，
268,但是這樣的我已經沒辦法失去你了。
268,出手打了你， 咬你， 對你大吼大叫對你大哭，
268,哭到抽搐， 我對這樣的自己失望難受。
268,朋友 都說要先想到後果再行動，
268,我想到了但是控制不了自己。 
268,於是我預約了下週的初診。  我總是得面對到我是個病人這件事，
268,我也知道大家都愛我， 但是每一個重要的人都是我的
268,壓力。  不論是我最愛的兩隻貓還是我那狗屎爛蛋的家，
268,都是我活著的痕跡。  不知道自己是工作了沒錢了還是怎麼樣，
268,， 真正拿起刀傷害自己也 不過一年多的事，
268,怪自己不堅強， 無法成為大家心中的我。
268,但是即便如此， 還是希望自己可以更好，
268,也許板上的朋友們可能會常看到我發文了，
268,雖然 自己會變成這樣不是多讓自己驚訝的事，
268,但是還是希望自己可以好好的。
270,原來諮商也是很難臨時預約 我的眼淚
270,我好想大哭大叫 我好累 好煩
270,好想放棄一切算了 這個禮拜 哭得眼睛好痛
270,我自己太臨時了. . . .
271,比去上學還痛苦 上學不喜歡還能翹課
271,但上班就不行 工作出包被主管罵
271,酸言酸語 回家抱怨兩句家人也罵我
271,說我草莓 玻璃 又敏感 工作已經很痛苦了
271,但不被家人諒解更痛苦 工作我還能忍著不哭
271,但回家被家人這樣罵我就忍不住了
271,回房間偷偷哭 為什麼我家根本沒溫暖
271,工作賺2萬 要拿一萬去諮商 （已經預約了）
271,窮人果然沒生病的權力 每天都好痛苦
271,工作常常很想哭 一直對著電腦我頭好痛
271,還不讓休息 連去廁所我都要忍
271,因為公司有限制廁所次數 我覺得我不像人
271,像動物 畜生 做的要死要活到底為了什麼
271,賺兩萬花一萬在憂鬱症 工作根本半個月都在做白工
271,那活著意義在哪裡 我真的不知道理由
271,就是為這個社會這樣做白工嗎 我的人生也是白活一場
271,我家人完全沒人支持離職 沒人支持我
319,早上去看了牙醫， 預約了三週後做咬合板。
319,順路去詢問了家裡附近的診所心理諮商的事情。
319,明天第一次得先去看診。  現在正悠閒坐在早午餐店裡等待餐點。
319,自從把上一份正職辭掉後就很久沒有像今天一樣這麼早起床辦這麼多事情了。
319,心情還不賴 。 即使外面正下著小雨。
319,目前的兼職雖然做的還， 但終究也只能當一個暫時休息的中繼點。
319,之後還是得找份正職 的減輕家裡的負擔。
319,依照鬼島目前的就業狀況， 我應該還是會走回老路去考試.
319,. . . . . 也許 是國營或一些比較大間的民營機構吧。
319,那天抄經抄著抄著， 突然發現，
319,其實可以過完一輩子就是一種了不起修行。
319,尤其對有憂鬱 症的我們來說，
319,， 這也是一種苦行， 不 是嗎？
319,所以最近只要又度過一天， 我就勉勵自己，
319,不管好壞， 這一天過了， 不會再回來了。
319,離結 束又邁進一步了。 這樣想就會比較好過些。
319,早午餐店泡了一杯不冷不熱的拿鐵，
595,不知道這個問題在這邊發問適不適當
595,開始有了做心理諮詢的意願 不過她的體質不太好
595,過去吃藥副作用很強烈 而且我在國外看過幾篇報導
595,對於抗憂鬱的藥物有非常大的疑慮
595,加上精神科風評較好的醫師， 近兩週的網路預約多半額滿
595,所以我們討論的結果決定從心理諮詢做起
595,看了這裡跟版的文章 知道馬偕有協談中心
595,不過相關的資訊很少 請問是不是在醫院的服務時間
595,直接去醫院就可以進行呢？  需不需要等候？
595,有沒有版友去過可以分享經驗呢？
595,或是是否有其他建議的方式或諮商單位呢？
595,第一次在版上發問， 如果有不妥之處，
651,原本想重新預約心理師的時間 結果發現他沒有在諮商所的網頁上
651,因為他才剛到那間諮商所 突然消失在名單上
651,有點不尋常 剛剛私訊諮商所 他們有跟我解釋目前的狀況
651,好險應該是沒事？  看來我也蠻喜歡心理師的：）
771,大家早安 又是個起來很無力的日子，
771,不知道是不是醫生緊急加開藥的關係。
771,意識處於很迷茫的狀態， 感覺今天工作會非常遲緩。
771,但是卻不得不繃緊神經。  什麼時候該辭掉工作呢？
771,辭了回老家靜養會不會變得較好呢?(雖然個人很希望去住院，
771,有經驗的朋友可以分享看看 其實現在最希望的事就是乾脆請假，
771,明天衝去跟主管請辭， 然後跟所有人坦白我有憂鬱症。
771,我是這個廢人、 廢物。 快點把我帶去垃圾掩埋場處理掉。
771,(掩面 啊激動了。  祝其他上班的版友們，
771,上班平靜過一天。  ) 真的
771,尤其為了生活必須要下去。  好幾次都想起自己是為了生活而工作，
771,。  而朋友卻一派輕鬆地說，
771,那個工作不辛苦呢？  我的不知道要辛苦到什麼程度才是正常人的標準了。
772,如題 做了嘉基的線上測驗 //.
772,. /5.  曾經得過憂鬱症所以這種感覺不陌生
772,可是這次沒有了學校的心理師可以治療
772,不知道要去哪裡求診 希望可以拿藥.
772,. .   是要求助心理治療師還是掛精神科門診?
772,還是有更好的管道可以協助我.
772,. .  主要原因是學校人際關係跟家裡母親的事情
772,不知道在嘉義地區有沒有推薦的醫生或機構?
773,， 我男友幾乎24小時都陪在我身邊，
773,我的狀況是洗澡洗一洗就哭、 
773,上廁所哭、 滑手機哭、 看書哭、
773,吃飯哭、 只是放空5分鐘也哭.
773,. . 也就是幾乎自己一個人時
773,， 放空時就會想事情就哭了。
773,本來打算隔天去看醫生， 但聖保祿周佑達醫生的診要昨天才有額。
773,所以這幾天男友陪我放鬆等待看醫生。
773,精神科前老人蠻多的， 還有中年大姐，
773,一進診間就很熱情的說：醫生我今天美嗎？
773,大 概是這樣， 好像沒什麼好害怕的。
773,一進診間醫生問我：怎麼了嗎？
773,我說：我. . . 我覺得.
773,. . 我. . 嗯. . 心情不是很好.
773,. .  因為不知道該怎麼跟醫生說，
773,於是吞吞吐吐的說出了這句話。
773,接著我大該跟醫生說了發 現自己憂鬱大概多久的時間、
773,自己的情緒上有什麼情況、 有什麼別於以往的情緒、
773,現在的 我又是什麼狀況 ， 大概是這樣。
773,我跟醫生說我想心理諮商， 我對過年回家的事有點害怕
773,， 醫生也幫我安排了心理諮商師，
773,希望先幫助我可以安心回家過年。
773,醫生開了兩種藥， 千憂解、 鎮定劑（緊急用藥）。
773,今早吃了一錠千憂解， 立刻有一點點頭
773,痛的副作用。  就這樣， 希望可以一天一天更好，
773,此刻已經不是一邊哭一邊打完了。
774,大家好 。  我從以前開始就會隱藏自己的情緒，
774,表面上跟別人嘻嘻哈哈講幹話大家都覺得我非常樂觀
774,且毫無煩惱的樣子羨煞不少旁人。
774,其實背後裡根本是非常黑暗的，
774,一個人每當遇到問題睡前總是輾轉難眠，
774,不是驚醒就是沒 有睡意嚴重到影響到睡眠品質。
774,近期因為女友分手的關係狀況越來越嚴重，
774,下班到家只會躺在床上、 不想出門、
774,不想動不 想滑手機不想講話、
774,連待在房間內聽到任何聲音都很無助且情緒起伏很大，
774,連好朋友約我 我都會找盡各種不同的理由拒絕。
774,有跟一個朋友透露覺得自己好像生病了他叫我趕緊看醫生（他也是病友不過已經好了），
774,對於各式不同的沈重煩惱我真的覺的很賭爛。
774,順便問大家台南有推薦的身心科？
774,？ 謝謝。  謝謝， 我會盡快去看醫生。
774,我自己也有查到這間看來可安心了，
774,謝謝您。  謝謝您提供資訊我昨天有先去新樂活了，
775,這幾天好像都是這樣 大部分時間都還好
775,通常是傍晚到晚上 會想哭 會一直想到之前的事
775,還有那次車禍 昨天蹺課了 早上直接躺在床上廢
775,拖到超過上課時間了才起來緩慢移動
775,我真的好累我不想去 然後就又被念了
775,看吧， 你又開始了， 每次都說這個是你真的很有興趣，
775,所以才幫你報名的， 沒幾次又開始說不去，
775,(下略) 可是去那裡之後 才發現我的精神我的身體
775,無法負荷那樣的壓力 也覺得自己像是失憶了一樣
775,前一天發生的事情 今天發生的事情
775,我都要想好久好久好久 然後可能還是想不起來
775,我覺得好害怕 也好討厭這樣的自己
775,偶爾會想劃一下 但不想再留下痕跡
775,所以沒有 其實有一點想再住院一次
775,好像應該好好休息調整了 但又覺得自己這樣是不是在逃跑
776,想掛大醫院的門診又來不及 只好上網找了一家離我較近的身心科診所
776,其實我也很清楚 精神科醫師應該不會跟我聊太多
776,我去診所的目的是希望醫生開個藥給我
776,讓我可以不要再沮喪 也讓我好好睡一覺
776,但是看診的經驗不是很舒服 醫生有稍微跟我談了一下造成我心情不好的原因
776,主要是因為感情跟未來 讓我很不安
776,也想的很負面 然而我以為醫生會安慰我
776,然後給我一些建議 結果他的說詞卻讓我感到更受傷
776,所有的不安感都是我自己造成的
776,對方都沒有錯 說我已經是成年人了
776,應該知道怎麼去溝通 後來我就停止談話了
776,只希望醫生趕快開個藥給我 讓我吃完藥可以好好睡一覺
776,等三天份的藥吃完 我不知道下一次情緒又來
776,我應該去哪裡求救 心裏的結卡在那裡
776,真的是很困擾 腦袋瓜一直轉個不停
776,幾乎讓我無法專心工作也無法好好入眠
776,大醫院的門診總是好多人 每次情緒一來都根本來不及去掛診
776,心理諮詢也是一樣 若不提前一兩週
776,常常也是排不到 透過電話的諮詢
776,對我來說並沒有效果 我的心情算是起起伏伏
776,有時候很好 有時候很 但是負面思考一直都是存在的
776,擔心很多 害怕很多 腦中的小劇場也很多
776,有時想提前去掛門診 又擔心看診當天我的情緒是好的
776,那這樣看診不就變得很沒意義?
776,另外我想問， 台北有沒有哪個比較好的醫生或診所?
776,我是需要找精神科醫師診斷 還是找心理諮商?
777,大概持續四個多月了 嗯  聽到看到.
777,. . 應該沒有吧 可是變的很敏感
777,聽到別人說什麼 就開始猜疑是不是講到有關我
777,你們跑出去是不是跑去徵信社之類的
777,因為不敢跟爸媽提這些事. .
777,.  提了我大概會更害怕 現在有跟心理老師諮商中
777,有需要可能就會去掛診囉. .
778,現在在漢生西路一家身心科診所看診，
778,覺得醫師每次我看診都不到三分鐘，
778,就只顧著趕快開藥，  如果穩定還好反正就拿藥，
778,，  跟醫師說也是漠不關心，
778,直接回我說藥一樣嗎？ 我說一樣，
778,然後就叫我出去等了，  有沒有板橋附近會關心病人的醫生？
779,各位好， 本人現在35歲 任職矯正機關戒護人員
779,由於原生家庭、 工作職場與人際感情方面
779,等因素 、 有焦慮和情緒化的症狀，
779,想向各位請益如何  的就醫診療會比較適合自己?
779,以下列舉自己可能壓力源︰  1.
779,自己哥哥是智能障礙且有精神分裂症的人士，
779,從小衛生習慣差、 劣根性強 甚至後期偶有
779,偷竊、 危險和騷擾他人的行為，
779,也因此有數次進出警局包含刑事判刑(易科罰金)的紀錄，
779,現在在私人精神病專科醫院中 ，
779,但因此相關醫療費用是家中一大負擔。
779,2. 媽媽從我高中時就以工作太疲累不肯工作，
779,美其名是照顧哥哥 但是實際上是放牛吃草
779,為了安撫哥哥甚至買菸品給他抽，
779,長期與社會職場脫離 有被害妄想症
779,甚至因為鄰居言語  攻擊哥哥與我們家而與其有激烈衝突過，
779,現在已有些許失智症狀況 (精神科就醫中)。
779,3. 爸爸為基層勞工 現在已退休
779,不過只有微薄退休金， 所以我每個月會支應相當金額的
779,孝親費與承擔自己+爸媽年度保險費
779,是相當大的負擔， 所以雖然自己覺得現職很不適合
779,自己且壓力大但是因為現實上薪資問題而硬撐到現在。
779,4.    (1) 自己曾經在工作上被受刑人攻擊見血
779,， 而長官為了表面囚情績效 強行壓下不挺
779,基層， 對自身身心造成很大傷害。
779,(2) 自己曾經在工作中因身體不適+情緒管理不佳而在管理時飆罵黑道幫派受刑人而被
779,投訴 更擔心自己與家人身心安全有危險，
779,雖然已過許久時間但是陰影還一直影響著自己。
779,(3) 在矯正機關的科層體制
779,是屬於比較高壓且封閉的情況 ，
779,在職場上被攻擊、 霸凌  有時多少會發生，
779,實在不想在這鉤心鬥角的環境中繼續下去。
779,4. 自己有位姊姊不過以自己是女性且已結婚有家庭偶爾幫忙即可
779,而我為男性 ， 所以常要  求我提供金錢給原生家庭，
779,甚至以情緒勒索和精神壓迫來施壓，
779,造成我很痛苦。    自己曾經有到醫院心理諮商
779,以及私人心理諮商所晤談十多次
779,但是因為私人諮商診所費用  昂貴
779,對於自己實在太沉重 而停止諮商
779,，  近期因為情緒起伏又起伏較大
779,且容易鑽牛角尖  有至醫院身心科就醫
779,， 醫師診斷覺得是躁鬱症 目前以服藥處理，
779,雖然有安排健保心理諮  商不過等待諮商的病患很多
779,不知道還需要多久才能輪到我。
779,現在真的覺得很無力， 甚至怨恨自己為什麼有這樣的原生家庭，
779,想離開現在的病態職場  但是為了幫忙原生家庭經濟
779,而在勉強自己， 曾經有因為感情問題求助過基督教會人員
779,因聽信其建議而決定受到傷害和後續的態度
779,對於基督教有很大的疑問。  
779,現實上國考的不順利、 職場的不如意和人際感情的不順遂
779,讓我越來越沒自信， 不知道接
779,下來的人生怎麼選擇會比較好。
779,不過還是想努力透過各種方式希望能改變現況，
780,是這樣的 最近狀態不是很好 昨天準備了一些最近狀態去看醫生
780,也沒被醫生解答 就被醫生叫去找諮商師
780,越快越好 很好 我今天就去找學校的諮商師
780,講了一堆我最不想講的 想盡辦法要讓他能幫助我
780,結果得到的只是諮商師的隨便敷衍
780,連裝作在聽都做不到 約一節課的時間
780,時間快到就狂看時鐘跟手錶 然後一點建議什麼的都沒辦法給我
780,只會根本公式化的說什麼放鬆啊呼吸啊之類的感覺就是制式發言
780,根本隨便對誰都是這樣回答 然後跟我說要期末了
780,諮商室不給我去了 要我下學期再去
780,涸轍枯魚 我的狀態是否能撐到月底都有問題
780,毫無胃口無法吃東西 毫無睡意緊張焦慮睡不著
780,要我撐到九月再看看你們有沒有辦法？
780,笑死 總之我本身就是很抗拒闡述我自己狀態的人
780,醫生可能也是因為無法做到特別有效的治療
780,但我今天第一次進行的諮商真的糟糕到極致
780,我很認真的把自己攤開 卻得到這種結局
780,雖然可能是學校的人就是尸位素餐
780,根本就是在混的 但是我現在可能沒有勇氣再去看其他自費的了
780,這是我昨天的想法 今天打算再去找其他自費諮商的
780,以及許多家人看過的身心科醫師
780,只是他是自費的 而且很兇 所以我一直不敢去看
780,我近幾個月來做了好多好多的努力
780,希望能夠有所回報 也希望大家的病況都能夠是健康的
781,， 容易出狀況  注意力不集中，
781,不易放鬆， 易失控， 大起大落的。
781,同時可以很嗨又很壓抑， 很在乎人生
781,同時又不在乎自己是不是活著 
781,為了情緒問題， 曾經去診所拿過抗焦慮藥物
781,但大致上來說情緒是維持不錯，
781,一直努力  偶爾沮喪覺得活著很痛苦
781,過一段時間又開心到不行 懷疑是不是出什麼問題
781,自己不對勁時， 大致心理有數
781,努力維持身心平衡， 營養均勻
781,多運動  努力的想一想自己為什麼這樣？
781,自己需要避開什麼  寫日記做紀錄，
781,盡量和這個情況共處  但不幸七月初
781,人際關係衝突 後發生了情緒極度
781,失控的抑鬱  跌入谷底一個月
781,無法控制的大哭  我自己非常清楚這樣的情況是病態的，
781,不正常  但過去吃的抗焦慮的時候藥
781,這一次並沒有起到什麼效果  老實說，
781,過去有過幾次看身心科的不佳經驗
781,（交談五分鐘內問我「你是不是有憂鬱症」的身心科醫生.
781,. . 我好囧）  但這一次
781,決定再換一間診所看看吧   結果.
781,. . .   在醫生面前 也是短短的十分鐘不到他就判定我有輕微躁鬱症
781,我的狀況都是頭腦過度放電導致。
781,我相信他有知識 有經驗， 但人有那麼簡單嗎？
781,我知道我某些方面是頭腦放電的影響，
781,但聊不到10分鐘真的可以判定嗎
781,醫生：你躁期比較容易生氣對嗎？
781,我：好像低落期比較容量生氣（汗）
781,想繼續解釋就被打斷， 他非常堅持我高昂期易怒
781,但我很清楚我的易怒是在低潮期.
781,. .   醫生：你會不會一直洗手？
781,我：不會， 我有某方面的小潔癖但不會一直洗手
781,醫生：那你有輕微強迫症 我再度囧，
781,我只是很受不了地上有頭髮 清的比較勤而已
781,他並沒有問我是哪方面的潔癖行為
781,就判定我有強迫症？   我看醫生是好好瞭解分析自己，
781,我怎麼了？   結果十分鐘內就只為了找一個病名給我安上然後開藥嗎？
781,這個醫生看著電腦的時間比看我的時間還多
781,看完醫生比之前更不安， 不安到我不想複診
781,請問各位朋友 你們覺得我有躁鬱症嗎？
781,還有請問有沒有台中比較有耐心
781,真正會溝通的醫生可以介紹給我？
781,我不怕有病 但是我怕被草率的診斷有病。
782,， 常常都是忍耐了一段時間直到某一天覺得自己已經撐不下去了，
782,回家躲在家裡大哭一場之後再繼續逞強的面對每一天，
782,最近突然覺得這樣的狀態太累了想要找醫師幫忙。
782,第一間去的是夏醫生， 初診遭遇跟版上大家說過的一樣，
782,被強迫買書以及診斷為躁鬱症，
782,但第二次看診時又說是憂鬱， 讓我感到非常疑惑。
782,於是找了第二間， 某暘診所。
782,在候診時就讓我覺得不太自在，
782,診間隔音太差， 外面候診時都聽的到裡面病患講話內容。
782,再來是醫生說我狀況滿嚴重的，
782,留了私人的 帳號給我， 說有任何心事都可以跟他說，
782,從那一刻起我的防衛心又再度提高到最高警戒，
782,連他開的藥都不敢亂吃了. .
782,.    希望大家可以推薦好的心理醫生，
782,不論是診所或是大醫院都可以，
782,我只希望可以趕快好起來  目前有查到晴天診所的陳醫師
782,但聽說人太多， 看診時間很短
782,以及中國醫的許詩惠醫生  振興醫院的毛衛中醫生（距離有點遠）
782,不知道還有沒有其他推薦或是任何意見可以提供嗎？
33,跟男朋友分手到現在兩個多月了
33,身體跟心理都是 剛開始症狀比較嚴重
33,會一想到他就反胃 身體也不舒服
33,完全吃不下東西 瘦了快五公斤
33,中間那段時間 大家一直拖我出去玩
33,心情有好多了 身體也有好一點
33,但最近又開始難過 不管有沒有想到他都想哭
33,脾氣很暴躁 一點小事情就很生氣
33,感覺有點控制不了自己的情緒 餓了會想吃
33,但是沒吃多少 吃了會想吐 有時候根本沒有食慾
33,心裡很悶 有種快喘不過氣的感覺
33,我該去看醫生嗎 還是只是一時情緒不穩定.
33,. .  ~ //. . //
36,請教板上各位 我自從上大學之後
36,容易為了同儕間的比較而生悶氣
36,到後來我現在每當壓力大、 情緒起伏時
36,腸胃就會不舒服 一開始只是小小的脹氣
36,到大約去年10月、 11月在準備研究所推甄的時候
36,常常入睡沒多久(約半小時~1小時)
36,就會突然醒來 覺得很想吐、 拉肚子
36,去廁所蹲了一下沒吐也沒拉 回到床上坐著休息想說比較舒服
36,然後就這樣睡著了 到了研究所面試前一天晚上
36,也是腸胃翻絞 一直到最近 有些事情讓我情緒有所起伏的時候
36,我就會腸胃不適 甚至因此沒胃口
36,像是最近有個很好的朋友要去當兵了
36,有時候想到他要去當兵知這件事情
36,也會覺得很捨不得 也不知道為什麼就開始緊張起來
36,然後就腸胃不舒服了 感覺現在因為情緒引起的腸胃不舒服越來越頻繁
36,請問這樣我該該怎麼辦? 是該看醫生還是找心理諮詢師之類的呢?
36,在此先感謝各位的回答<(__
37,好一陣子了 會莫名奇妙的對週遭人發脾氣
37,失眠幾週 嗜睡幾週 不斷循環
37,只要旁人說話太大聲還是不何意
37,就會很生氣很生氣的想要掀桌子或打人
37,高興會很高興 一個人都會笑 
37,常常心情到哭 我對自己很沒自信
37,會一直問說這樣會很胖嗎 或是這樣作好嗎
37,問個不停 身邊朋友都會罵我說
37,不要同樣問題一直問一直問 然後我又發脾氣
37,同學都不大想和我說話 說我一天到晚生氣罵人
37,唉 到底是怎麼了 自己的心情就連自己也不知道為何會這樣
38,因為現實中的挫折  但久了也麻痺了
38,我不知道自己什麼樣子 不過感覺一切都還正常
38,所以我需要看醫生吃藥嗎 但是我有個非常嚴重的症狀
38,就是我面對人的時候 會自己給自己很大的壓力
38,怕自己表現不自然 不從容 不夠有力大方
38,然後我一直想一直想 有時就真的臉上有奇怪的表情
38,(譬如擔憂的表情 然後別人一看到馬上態度就變很糟
38,然後只要有一次 我就會很不能接受
38,然後強裝鎮定 但之後又有第二次
38,感覺就越來越嚴重. . . .
38,. . . . 現在連注視著人都有點膽怯
38,可是我原先也不是這樣阿 還有
38,現實生活中的我不敢對人發脾氣
38,不敢發飆 即使對方對我做我覺得很過分
38,或是我不能接受的事情 然後我的底線慢慢被搓破
38,整個人也越來越怪 我連續找了十幾份工作
38,都是面試的時候被刷掉 或是只去了幾天就被
38,原因大都情緒問題 可是工作本身我覺得我也盡責
38,大家如此強調外在 的樣子 讓我幾乎失去信心
38,也垮台很多次 現在沒什麼好朋友會一直鼓勵我支持我
38,我還是得面對很多人會趁機七五我
38,(即使我已經這麼糟糕. . .
38,. 想到人這班惡劣 真的也讓我很不能接受
38,這個世界我也不想要了 我的包袱很多
38,我只是簡單描述 真不知我何時才能快樂無憂的過生活呢
38,我已經不小了 我都快放棄了 又不敢死
38,真的是一天稱一天 有誰可以幫幫我呢
41,不知道問題出在哪邊 放假也都不能好好的放
41,只會想到要收假就會不禁落淚 但是回到營中
41,就會變成正常表面 因為誰都不想給任何人添麻煩
41,這2個月下來我受了8公斤 每天都在思考義務這兩個字
41,說是欠國家 但是我根本沒借什麼東西
41,卻被逼著要還 大概就是卡在這種死胡同上
41,大兵寫的全是負面的 但是我真的不是想死
41,我知道我死了會讓父母傷心 這種不孝的事我做不來
41,可是表面卻是好的 結果大兵被認為是在裝死
41,一整的維妙 連最後能抒發情緒的管道都被遏止了
41,我實在不知道該怎麼半 可能是看個畢業的大家都朝著自己的夢想前進
41,很多原因 我是不是應該去看個什麼醫生好呢?
41,笑著哭真的讓我好難過. . .
42,大家好 我是最近男友才跟我說
42,我是否生病了  會哭 但是是有原因的哭
42,有時候很恐怖的是 我哭了幾分鐘
42,就沒事了 又可以不哭 又可以微笑跟他甜言蜜語
42,所以他有點嚇到 說我是不是壓力太大
42,我才發現自己其實堆積很久的情緒又爆發
42,因為我個性得失心很重 又很完美主義
42,所以 在工作上 做不好 一次我會原諒自己
42,第二次再犯 我就會覺得自己很笨
42,怎麼連這點事都做不好 然後就會很沮喪.
42,. .  所以我該怎麼樣改變自己?
42,還是我該不該去看醫生呢???><
46,從某一次跟我男友大吵之後 我開始恨我自己
46,也開始有很多負面的情緒跟想法
46,只要一個人就會莫名的大哭 也覺得人都不值得信任
46,我本身有養狗狗 只要看到都能稍微放鬆一下
46,常常一下就暴走 看到討厭的東西也會更加暴躁
46,也因為情緒問題常失眠 加上我也不擅長去講出我的心情
46,又一直悶著 這樣我是不是該去看一下心理醫生
47,我目前和男朋友走到了一個分不分手的關鍵
47,實際原因我不太想說  我的想法一下子樂觀一下子悲觀
47,睡到半夜會突然驚醒 驚醒原因是突然又有很多想法跑進腦袋
47,導致無法再好好入睡 雖然暫不影響工作和生活
47,只要一想到就會想哭 可是當下的情境並不適合哭
47,所以得忍住 雖然會肚子餓但不是很想吃東西
47,但我還是會多少吃點 至少讓大家覺得我
47,不過從事情發生到現在不過兩個星期
47,體重已經掉了4公斤 而且只要面對男朋友我就會控制不住的性慾
47,那不是出於愛 如果要講的明白一點
47,那種感覺很像要強暴一個人 我不知道這樣是不是需要就醫
47,又或是我只是需要下定決心分手離開這個場景就會好
47,雖然上一篇文章才提到認為該看醫生就去看
47,但我真的不知道去借助醫生來控制我目前的情緒是不是真的有用
49,眼淚都會沒有意識的掉下來 哭得全身顫抖
49,過一陣子又會突然這樣 腦袋沒辦法控制
49,就是讓身體為所欲為 最近真的太累了
49,太多事了 也好害怕 記憶力變差了
49,也變得比較遲鈍 在家就想躲起來
49,一個人比較自在 不想和群體待在一起
49,現在只要一個眼神  不懂白天還好好的
49,晚上都變得不一樣 但以前白天還可以笑的很開
49,現在都懶的笑了 或者笑不出來
49,可是有時候又會莫名大笑 好混亂
49,很多事都讓我好累 不想去想 想要拿出勇氣去看醫生了
54,大概從兩年前課業壓力開始變大以後
54,我就常常會有很焦慮的感覺 那時候開始對自己沒自信
54,這一年情況越來越嚴重了 壓力一來
54,就會壓的我喘不過氣 而且想法也越來越越悲觀
54,常常會覺得自己能力很差比不上別人
54,也因為這樣 所以生活很惰落 懶的念書(覺得念了也沒用)
54,只要回到家就不想動 很想快樂但是快樂不起來
54,常常會因為別人的話感到受傷(很敏感)
54,我也很在意別人對我的看法 腦子裡很多煩惱
54,但是我沒辦法解決 只能等時間慢慢忘記
54,有時又會突然想起來 所以想這些有的沒的讓我過的很痛苦
54,有跟朋友講過但是沒有用  就會對家人亂發脾氣
54,有時候沒人可以發洩 就會打自己洩忿
54,這樣的症狀是不是有憂鬱的可能
54,我不知道是不是該就醫 有人可以幫幫我嘛@@
56,常常跟人講話腦袋一片空白  之前同學說我以前打籃球很積極
56,積極的去搶籃板 去抄截 而現在卻害怕對方的進攻
56,整個人感覺就是懶散而消極 我真的病了媽
56,如果不是 為什麼我會有這麼多害的的事物呢
56,如果是 我是不是該看醫生了呢
56,要看哪一科的醫生呢 這些問題困擾我很久
56,麻煩有人可以幫我解答一下 謝謝
57,請問， 如果覺得生活沒有動力.
57,. .   空虛且沒有生活著的感覺
57,應該要如何是好呢. . . .
57,. .  這樣的狀況應該要看醫生嗎.
58,如題 我唸書的時候 很怕噪音
58,就連冷氣機的聲響 都讓我受不了
58,來到新學校以後 幾乎找不到安靜的地方唸書
58,空間設計也讓我感到莫名的壓迫感
58,書唸不完的焦慮 就快讓我崩潰了
58,我不知道有沒有人跟我一樣  我應該去看醫生嗎
58,? 這大概會是什麼病呢 ? 謝謝
62,我自認算是非常有耐心的人  都只是很小很小的事情
62,可是只要任何事跟我預想的情形不一樣
62,一瞬間我就會有抓狂的感覺 整顆頭像要爆掉一樣
62,心想：又來了 反正整個世界沒有一件事合我意
62,明明都小事 可我沒辦法讓自己理性面對
62,我也長期有睡眠問題 5. 6年有了
62,每天晚上睡覺一定會作夢 我已經忘了上次睡得香甜時是甚麼時候了
62,而且夢的內容都是血腥鬼怪 我在夢中常常斷手斷腳斷頭
62,因為已經好幾年 也就習以為常
62,但我今年考試落榜加上找工作不順利
62,這樣的睡眠讓我每天醒來更是身心俱疲
62,跟家人不親 男友很忙 我幾乎沒有人可以讓我訴說內心的不安與恐懼
62,上網哭 念書哭 在馬路上哭 隨時都很負面
62,很痛苦 但我不知道這些苦是哪裡來的
62,因為我已經訂好了未來的計畫 也下定決心要好好前進
62,可是我一點動力也沒有 有種想放爛一切的心態
62,有時睡前也會想：希望明天出去可以被車撞一下什麼的
62,可是我又對未來充滿很多美好的憧憬
62,我很矛盾 我自覺應該是一連串不順遂讓我處在人生的低潮中
62,但是3個月我還是沒能走出來 而且好像愈來愈嚴重
62,開始對其他人有敵意 覺得全世界都在跟我作對
62,然後又開始陷入自己的情緒 我很害怕
62,不知道這樣的情況會持續多久 因為我已經無心好好生活了
62,我該看醫生嗎? 還是有其他更好的管道可以幫我?
63,~ 事情也都想到悲觀的一面~對什麼事情總是提不起勁.
63,.  本來還可以睡的著~但是上星期的一個晚上
63,在睡夢中突然驚醒~醒來時滿身大汗心跳異常的快
63,最可怕的是腦中似乎快要爆炸~好煩有種不踏實感孤獨無聊浮浮的
63,腦中很多畫面快速播放一片混亂.
63,. 好像隨時會變的精神異常(這種感覺令我很害怕)
63,從那天起我開始對睡覺有點畏懼我怕那樣的感覺再回來
63,可是越怕就越煩越睡不著. .
63,惡性循環. . .  我生病了嗎??躁鬱症?精神分裂?還是.
63,. . ? 我該去看精神科嗎?
63,真的很怕自己會精神異常. .
66,最近和女友分手後 起初會失眠吃不下東西但現在已經好很多了
66,但是每天都會想東想西 一天到晚都是在想著我們之間的回憶
66,雖然才短短的一個月 甚至騎車的時候會想說
66,如果我現在出車禍了如果我打了通電話給她跟她說我出車禍了
66,然後就昏倒了她會不會很緊張的跑來找我
66,每天都會想著 我最愛的人但是卻不在我身旁了
66,很懊悔很苦惱未捨麼會這樣 為捨麼每次在公司看到她很快樂的笑
66,我的心卻好痛好痛 也因為這樣
66,我開始害怕寂寞 因而一直找人講話
66,聊天希望有人陪我出去 但是卻發現朋友少之又少
66,連要去買的眼鏡都拖了1個多月
66,覺得自己非常孤單. . . .
66,. .  也和家人相處的非常差
66,在公司雖然看起來沒啥差別但是我知道我是裝出來的
66,請問我需要去看醫生了嗎???我有憂鬱症了嗎???線上的測驗都顯示我有憂鬱症
66,這種類型的問題吃藥會有效嗎????
73,跟男友一吵架 就讓自己很難過情緒潰堤
73,這幾年肩膀僵硬 睡覺都無法放鬆
73,每天睡不好 (因為要考國家考試坐電腦桌前太久加上焦慮緊張
73,造成的後遺症. . . . .
73,. . ) 這陣子覺得吞口水有一點困難
73,(為什麼??) 有時候會感覺心臟跳很快
73,胸悶 偶爾會抽痛(很少) 這幾天開始出現呼吸困難
73,常常吸不到氣 都要很大力的呼吸
73,有時候刻意打哈欠 比較容易呼吸
73,睡覺躺枕頭是根本不能呼吸 只能平躺
73,整個好難受 後天約好要工作 我又要爽約了嗎.
73,. . .  問題是這麼多症狀
80,有這種狀況 大概是兩年前吧 我一直都是一個人
80,兩年前 開始覺得 自己都是孤單一個人
80,身旁都有另一半或是結婚 工作環境的同事也隨著時間慢慢離職了
80,開始了一個人吃飯 一個人看病
80,一個人做任何事 當我發現時 我已經開始感到很焦慮了
80,很常下班後 一個人四處走 去大賣場或是寺廟
80,我只希望在人潮眾多的地方 走著
80,讓我覺得不再是孤單一個人 一開始感覺滿有效果的
80,走著走著 累了回家睡覺 至少明天有力氣工作
80,但後來 狀況慢慢的不能改善 我選擇離職
80,想換一個工作環境 但沒想到換了
80,只是讓這種焦慮 孤單感更加嚴重
80,到現在越來越嚴重 常常回到家後
80,爸媽問我問題 我都會覺得很不耐煩.
80,.  很不想搭理他們 我知道這樣做很不對
80,但. .  我也試著用交友軟體
80,想認識新朋友 但. . 畢竟我口條不好
80,外貌也不好 事實上 根本沒機會.
80,.  我也試著做其他的事 想讓我能轉移一點注意力
80,但不知道為什麼 做什麼事都讓我感到很無力.
80,.  請問 如果我去找心理醫生
80,有辦法改善這種狀況嗎? 我也很討厭這種情緒
80,但試過很多種方法 都沒有辦法改善.
82,各位女孩們 想問一下 我這個狀況持續半年了
82,起初是悶悶不樂 每天下了班回到家
82,就是慶幸過了一天  不知道是從什麼時候開始
82,應該是四月吧 幾乎每天哭  但跟朋友出去就不會難過
82,可以嘻嘻哈哈的 可是一到家就立刻大哭
82,但我完全沒有睡不著的問題 到了睡覺時間
82,上了床立刻睡著  查了很多人都是睡不好或是睡不著看身心科
82,那這種打從心裡不開心的問題也能看身心科嗎？
82,醫生真的會完整聽完你的不開心原因嗎？
82,還沒接觸過身心科 有點緊張.
82,. . .   謝謝大家～～
83,前陣子因為家裡的事 再加上一些人際的小事處理得不順利
83,很多情緒都是一直累積下來的 可能這件事也沒有很嚴重
83,但傷心難過的時候就會想到以前類似的事
83,導致所有情緒都混雜在一起  但我覺得自己沒有到憂鬱症這麼嚴重
83,就是感覺心裡有些事情想找專業人士解決
83,想問一下有看過身心科的版友 去看醫生之前自己該做什麼準備？
83,如果沒有憂鬱症傾向 去看的話會不會有點小題大作？
83,或是有其他建議也歡迎大家跟我說
84,我想我應該有憂鬱症， 自從這陣子發現每當心情低落時，
84,會開始間歇性頭痛。   我開始思考自己是不是該去看醫生，
84,或是做諮商······  網路上隨便一個憂鬱症量表測試，
84,裡面羅列的十幾點我幾乎都符合了，
84,除了失眠、 暴躁易怒兩項。 。
84,多出來的症狀大概類似被害妄想，
84,具體呈現在騎腳踏車、 坐客運時擔心出車禍，
84,或是飲水機裝水時會被燙到等等，
84,這些害怕會傷害到自己的想法，
84,無時無刻存在著。   在大一的時候曾經想說藉由學校的心理諮商師，
84,或許能擺脫這種長時間低迷、 自我苛責、
84,焦慮的狀態， 然而換來的卻是諮商師的不解，
84,她覺得我的人生不應該出現憂鬱呀，
84,沒失戀沒死別。 這樣的態度讓我覺得自己大概是在浪費資源，
84,無病呻吟， 也因此不敢再輕易踏入輔導處的大門。
84,事實上憂鬱症對我的生活造成的除了無論何時都很低落悲觀的心態，
84,其他好像也沒什麼影響。 在家人朋友眼裡我一樣隨和貼心。
84,我活著的動機也不是為了自己，
84,是為了家人， 人生也沒什麼目標需要實現，
84,是不是就繼續這樣活著也可以呢？
84,反正我對自己的要求很高， 以後應該也不會太差，
84,或是拖累他人就是了。   如果去身心科被診斷出真的生病了，
84,我也不會願意向任何人坦白， 讓家人朋友擔心。
84,只能自己吃著藥接受自己有病的事實，
84,好像也不會比較好過. . .
84,. . .   怎麼做會比較好呢？
86,。  工作類型是屬於需要用腦力的，
86,因此很常時候醒來的念頭都是不想上班
86,上班時卻很難集中精神，  思緒總飄到別的事情，
86,總是不想動，  結果就是工作時間拉很長，
86,很沒效率 再加上跟男友在國外工作，
86,兩個月才能見一次面 因此當我失眠的時候他早就睡了，
86,也不可能打電話叫醒他 常常會有很負面的想法，
86,覺得男友沒有很在乎我，  常常夜裡掉淚，
86,覺得很想分手 他總說我想法很負面，
86,但我不知道該如何壓下心中的疑慮
86,很常拿鑽牛角尖的問題問他， 
86,若他沒有好好回答， 我又要失眠好幾天
86,就算跟朋友說， 也很難解開心裡真正的結
86,晚上即使已經很累眼睛很酸， 
86,卻還是有某種反作用力讓自己一直在抵抗，
86,不願就這樣睡了， 無法安心入睡
86,於是腦子開始想東想西， 睡不著會滑手機，
86,漸漸才發現原來是失眠。  覺得這樣的心情好沉重，
86,心在糾結的時候真的很想死 但卻不知道該怎麼讓這種負面思維消失
86,覺得自己不被在乎，  覺得好像我比較適合離群索居，
86,就不必讓其他人的存在影響自己
86,有時候會懷疑這樣的自己有憂鬱症嗎
86,到底該怎麼判斷，  我該去看那種醫生的門診嗎
87,這禮拜感情上出了點問題 因為本來就是很容易胡思亂想的人
87,現在因為感情的事變得無時無刻腦子都在想
87,想法很偏執總是認為人家心裡有鬼
87,或是人家一定都在說謊騙我 脾氣很不穩定但不會到破口大罵只是有時愛碎唸
87,害怕自己一個人獨處在安靜的房間
87,很愛哭容易想到一些事情就哭 懷疑自己是不是患憂鬱症
87,最近測了柯氏憂鬱量表又35分.
87,. . .  我是不是要去看醫生？
91,我跟原波的情況有點像  經常擔心這個擔心那個
91,對自己一些未來的事情都抱持負面的看法
91,只要一個人在房間睡覺 經常會想東想西焦慮甚至緊張到失眠
91,（就像現在， 睡不著跑來上網）
91,如果住宿舍也是睡不好， 室友一點聲音或燈光都會吵醒我
91,長期缺乏睡眠的結果， 都感到快神經衰弱了
91,生理時鐘也亂掉了， 白天都覺得很累
91,不過我很怕死， 倒是沒有輕生的想法
91,^^; 這是單純抗壓性不足，
91,個性的關係嗎？  因為我一向知道我抗壓性不夠，
91,有逃避傾向 還是有廣泛焦慮症的可能呢？
91,（自己上網查到的， 我的症狀有點像，
91,又不完全是） 我也不知道自己的壓力是哪來的
91,可能是因為擔心的事情太多， 總和起來的壓力嗎？
91,需要看醫生嗎？ 醫生會不會用開藥打發我呢？
91,（老天， 我從來沒看過精神科啊）
91,還是哪裡可以做心理諮商呢？ 
91,真希望有人幫我理清這一切 目前在別人面前還可以裝沒事
91,可是知道自己長期沒睡好， 脾氣快要爆發了
91,覺得自己越來越鑽牛角尖， 變成惡性循環
96,大家好， 我目前做的是服務業。
96,長久以來都有人際關係上的困擾。
96,常常對於同事不友善的態度會耿耿於懷，
96,陷入低落的情緒。 尤其是常常遇到前幾天還有說有笑的同事，
96,某天突然變了個人，   對你不理不睬，
96,態度也很冷。 但跟其他同事還是說說笑笑，
96,唯獨對我態度不同。   因此容易患得患失，
96,想了很久也不明白自己做了甚麼，
96,又沒勇氣找對方說清楚，   心理的障礙讓我很難跨出去。
96,服務業很難像一般的辦公室工作，
96,整天坐在位置上做自己的事就好。
96,服務業工作上還是要  幫忙，
96,互相溝通， 所以也無法真的無視對方。
96,爬了許多版上職場人際相關的文章，
96,大多的推文都是「別想太多」、
96,「你是來工作賺錢不  是交朋友」、
96,「下班不認識」等等。   這些道理自己也懂，
96,但對高敏感的人來說真的很難克服，
96,也很難不在意。 換了幾個工作都
96,是差不多的問題， 這次也告訴自己不能再換工作逃避了。
96,每次只要遇到這種事就覺得自己是不是有憂鬱症，
96,負面情緒壟罩下時不時會有想不開的念頭。
96,真的會很想死。    目前也有在找心理諮商相關的資料，
96,想去看看心理醫生， 希望能幫助自己。
97,，  但是測憂鬱量表，  其實還好沒什麼問題。
97,聽說心理諮商師可以幫助自己了解自己，
97,進而學習如何控制自己的情緒。
97,想請問有板友去找過心理諮商師嗎？
98,自己被伴侶背叛， 心情調適了半年仍然覺得無法平復，
98,， 想到就很痛苦不自主流淚，
98,但覺得應該沒有憂鬱症程度; 
98,生理上沒有症狀（例如失眠或其他問題），
98,想請問這種情緒失控或壓力調適不良應該看身
99,其實也是想閒聊看看  大家是怎麼跨出諮商的那一步的？
99,可能一個禮拜內有2天會非常的愉快
99,但1到2禮拜內會有1天或兩天非常極度的低落（會狂哭3小時那種）
99,用運動去排解剛運動完是有效的
99,但是隔天仍然會持續這種情緒 
99,跟朋友聊聊我也不好意思長期的去說
99,大家都這麼努力的去生活怎麼好意思因為是朋友的名義就把心裡的垃圾去倒在她家門口呢
99,家人就不用説了. . . .
99,剛剛一直猶豫著撥打諮商的電話
99,但是又打不下去  一直想著是不是情緒低落期
99,每個人都有的 為什麼我不能自己處理好呢
99,這點讓我覺得自己像是個失敗的魯蛇
99,（事實上就是吧）  另一點是雖然現在的工作能夠養活自己
99,但也不到為所欲為 諮商（我是想先用免費的資源
99,畢竟我還不確定該不該諮商以及長期費用）
99,會無可避免的讓我需要去喬班 
99,就是覺得對公司 同事非常的不好意思
99,但是又同時想不負責任的直接請假去諮商或是做點幫助自己的事情
99,（公司人力安排卡的很緊  但是我長大了
99,總是要負責任的  又怕別人知道我去諮商後會覺得我是不是在矯情
99,無病呻吟  總之 . . .
99,. 大家當初是怎麼踏出諮商那一步
99,確定自己是需要諮商的 並且對於生活工作與諮商安排妥當的呢
100,女寶剛滿三歲  她的所有發展都比一般年齡的孩子快一點
100,還沒一歲半就開始進入不要不要時期
100,還沒兩歲就能講很多句子繼續高階的不要不要
100,還不到三歲就開始叛逆講不聽 
100,從醫院抱回家就知道她是愛哭型的孩子
100,所有生理需求都滿足了還是無法停止哭泣
100,沒有後援的我常常哄到自己跟著哭
100,以為越大愛哭的狀況會好轉  但是.
100,. . . 並沒有_  她一哭可以哭很久很久
100,我不是沒有原則的媽媽  我把規矩提醒都先講了
100,她的高堅持度和固執總是把一件小事鬧大
100,我試了很多方法看了很多教養的直播或文章
100,軟的也用了硬的也用了  但還是失敗，
100,總是兩敗俱傷   上個月終於把她送進小班
100,以為日子可以好過一點了  但她怕生社交能力不好又愛哭
100,雖然只有剛進校門時哭也哭到現在還沒好
100,回家她的情緒常爆炸失控更叛逆不聽話
100,我能理解那是孩子剛面對新環境的壓力
100,我也試著跟她溝通但隔天又一切從零開始
100,她的高堅持度和固執愛哭  我常氣到情緒失控出手打她罵難聽又威脅的話
100,甚至希望不要有這個孩子不想看見她
100,有她的這三年我真的好累  常常都在大發雷霆情緒起伏很大
100,也常懷疑自已到底哪裡做得不好
100,為什麼所有好的都給她了她卻這樣折磨我
100,我總是勸自己要忍耐她只是個孩子
100,當我努力了一整天對她好對她笑
100,她卻因為怎麼勸她不聽話的時候
100,我的情緒又失控了  很難把情緒收好收回過了就算了
100,我的真的很差吧. .   教養真的好難啊
100,我和隊友的教養觀念是一致的 
100,我們倆也常常討論該怎麼改變才能大家都好
100,他也很努力想幫忙   但現在問題是我.
100,.   我不知道該怎麼面對 
100,我不知道我的情況需要去找醫生嗎
100,因為只有在面對孩子時才有這些情緒問題
100,謝謝看完這篇滿滿負面情緒的你們
101,離開前一份工作已經幾個月了 但這段時間有時候只要一想到以前工作的事，
101,我就會整個陷在憤怒的情緒， 很氣很不爽
101,， 沒辦法做其他事  這狀況好像叫反芻思考
101,我覺得這樣好痛苦好煩. . .
101,很不想再浪費人生想前一份工作的事
101,但有時候不經意地想到， 思緒就會整個陷在裡面
101,即使去運動讓自己狂流汗， 也只是短暫解除這狀況
101,想問大家有沒有碰過這種狀況 大家都怎麼處理不讓自己陷在負面情緒
104,今日想抒發的心情是： 哀  心情背景：
104,時好時壞的心情  希望跟板友分享的是：
104,天秤真的是天生害怕孤獨嗎? 
104,"好像只要一個人獨處的時候, "
104,"只要有人陪, 好像就會好一點."
104,. .    本來想過去看醫生的~但似乎猶豫不決
109,今年對我來說應該是很開心的一年
109,我順利錄取政大研究所 灑花 但是在就學前
109,也許是太閒了 常常開始腦中亂開小劇場
109,開始擔心自己死掉 擔心被殺掉
109,擔心戰爭 擔心天災 地震等 這些問題感覺很無聊啊
109,但不知道為何到現在已經身體也有反應了
109,只要想到這些 就會全身起雞皮疙瘩
109,或是開始腸胃蠕動( 這一兩個月常常哭出來
109,家人問我我也不敢說 因為我覺得很無聊
109,這些事情沒啥好擔心的 哀 不知道是不是焦慮恐慌症
109,我想說看醫生還要花錢 應該開學後就會好了
109,如果開學還沒好再去看看吧 這篇文發一發心情有比較舒坦一些
109,謝謝你~其實我也蠻訝異會上的
109,因為考試前後 我就開始會焦慮了
109,書都讀不下去 我每個禮拜都會去打球
109,但打球時還是會偶發性的想到這些
109,只要想這些 就會打不好 哀好煩喔好像白癡=
121,不知道能否在這分享  我是一個非常負面的人
121,後悔的事 常常是非常小的一件事情
121,我也知道是小事 但就是卡在裡面.
121,.   譬如 結婚週年跟先生去吃高級餐廳
121,我喜歡拍照 所以上菜後拍了很久
121,後來開始吃牛排已經冷了過熟了
121,我就開始懊惱 啊啊啊啊剛剛應該不要拍這久
121,然後可以懊惱4-5天  等等等
121,非常小的事情 我就一直掛念 
121,度蜜月我們去了喝到飽的 因為身體關係
121,沒有多喝 回來之後 啊啊啊啊啊啊應該多喝一點
121,然後在後悔個5-6天   常常因為這種小事煩惱
121,如果遇到更大的事情 我幾乎晚上都失眠會是更痛苦
121,先生常是我心情舒壓的另一半 但我知道同件事情一直講真的很煩他也是
121,但我就卡在那邊   如果這些事情還沒過去
121,我可能又發生新的事情 我就開始非常負面
121,整個人出不來 像黑洞一樣 好痛苦.
121,.   一直懊惱後悔中度過 
121,有時候 因為太煩了 然後默默在家裡哭
121,我是不是 需要看心理諮商？ 
121,是憂鬱症嗎. . . . .
124,前陣子父親突然離世  沒辦法對別人說
124,想詢問大家有沒有這種類型的電影
124,希望可以找到一些方法讓自己好過一點
124,感謝各位！ ！ ！ ！ ！ ！
124,非常感謝大家的回覆 不管是書籍或電影我都會嘗試看看
124,其中有幾部已經看過很多次我也非常喜歡
124,我知道電影沒辦法讓心情變好 只是想要轉移注意力或試試看其他方法
124,沒辦法跟別人講是因為已經過了一段時間
124,加上伴侶生活壓力大 不想給對方和朋友太多負面情緒
124,也考慮過心理諮商 如果有需要之後會尋求這類的管道
124,再次感謝大家的加油 謝謝！ ！
126,想問問版上的各位 都是怎麼樣放下一段還愛著的感情呢？
126,我是女性， 以前的感情經驗比較豐富
126,但後來單身了好幾年， 終於遇到現在這個對象
126,一直以為一切都是命中注定 以為兩人都是在為等待彼此的出現
126,後來發現事實沒這麼美好  目前我們遇到了一個很大的難關
126,細節我就不詳述了. . . .
126,因為說出來也只是會被勸分 我的確有想過分開的念頭，
126,只是怎麼狠下心去做， 我真的毫無頭緒
126,對方沒有劈腿， 但因為一些事情的關係
126,導致我對他很沒安全感 我覺得繼續交往只會讓他看到我越來越醜跟神經質的一面
126,我不想在他面前只留下這樣的印象
126,但中間提過幾次分手， 都心軟被對方挽留回來
126,可是這一兩個月我真的開始覺得不行了
126,想到不好的事情就哭 洗澡哭 搭捷運哭
126,走著走著莫名其妙就哭了  儘管只要跟對方通話了(我們是非常非常遠的遠距離)就會沒事
126,沒聯絡的狀態還是會不斷惡性循環
126,我已經痛苦到甚至考慮去看諮商師了
126,痛苦的原因來自自己真的還很愛對方
126,可是看不開事情的癥結 也糾結著現實的醜陋
126,我談過這麼多次戀愛 以前儘管被劈腿過
126,我甚至已經不知道問題是不是出現在我身上了
126,很難冷處理 本想著放置著， 等到我沒這麼喜歡他了
126,就能比較輕易放手了 可是現在光是相處
126,所受到的感受都是又開心又痛苦
126,多快樂 難受就有多加倍  這種狀態有解嗎.
131,分手快兩個禮拜  還是每天會想到對方
131,而食慾也非常不好  睡眠方面倒是沒問題
131,沒有失眠或睡不好的困擾  假日有約的話心情會比較好
131,但如果沒約ㄧ個人悶在家  會ㄧ直想東想西
131,什麼事也提不起勁  在考慮是否該去看醫生
131,其實平常情緒都算正常  只有放假悶在家時會很憂鬱
131,有點想靠吃藥來忘記和對方的回憶
132,社群行為一直是我很在意又無能為力的罩門
132,小弟是天枰座  偏偏很重友情
132,對待朋友甚於家人  至少我心裡是這樣想
132,但是這十年來偏偏卻被它無形傷害著
132,八成是個性的關係  我很後悔在國二那年的自己
132,為什麼要從那麼多好朋友中選擇封閉
132,只知道我那時莫名地在害怕啥 跟成績不好的同學坐一起竟害怕會倒數幾名
132,不只這樣  還有  不過我忘了
132,可想而知  自己心理行為已經有怪現象了
132,接而之  就被大家排擠了 到了高中
132,休學一年 因為沒辦法去上學了
132,得了憂鬱症  而且復學後似乎與人社交能力沒了
132,涉略太少  話題少 所以我會找個性相近的人
132,到現在在大學常混一起的4. 5個同學
132,我卻一年不超過10通  只有聚會才會出現
132,也不常用社群媒體  看來我真的完了
132,真的要孤獨一輩子嘛  老天真愛開我的玩笑
132,為什麼要把我放在外向現實主義的時代呢
132,現在已工作一年多  我不知道目標在那
132,該如何活得有意義些  又不是詩人
132,懷憂喪志幹嘛   放假都宅在家
132,可以問個位  我除了憂鬱症還沒好
132,還有嘛 需要再去就醫嘛？ ？
132,以及怎麼改變自己？  感謝你～
166,老闆、 秘書和同事們 他們有時候讓我覺很煩
166,剛剛我做了線上檢測， 分數偏高，
166,需要看醫生 可是我不知道， 是不是這一陣子工作的關係
166,讓我的情緒很低落、 很沒自信心、
166,想要逃避這一切 這一、 兩個禮拜也時常犯錯，
166,心情也是很低落 我回家就會跟家人抱怨工作的事，
166,一直講一直講 也會跟男友講，
166,但男友覺得很煩， 他不是很想聽
166,因為他覺得是我的想太多， 認為做好自己的工作就行了
166,但如果做能自己的工作， 就解決事情那就好了
166,我和秘書都有公務手機， 我算是秘書的助理
166,我的老闆很愛ㄅ一ㄠ人(罵人)，
166,就算沒做錯也是一樣 有時老闆很沒耐心聽妳講那麼多事
166,就會開始很大聲的問妳， 那現在是怎樣…，
166,但妳明明都有跟他報告到重點 可是他卻沒聽到似的，
166,覺得妳講的都是廢話， 有時會很大聲的吼妳
166,最常被吼的是特助和秘書， 我是還好，
166,是沒有特助和秘書嚴重 但我被吼的那一次之後，
166,我每次看到公務手機響起時， 看到是老闆打的
166,我就開始發抖， 心跳加快， 超害怕接起來，
166,就被老闆罵 每一次都這樣， 如果是假日也是一樣
166,而秘書也是， 她是個很易緊張的人，
166,也很害怕被老闆罵的人 所以每當她會丟一些工作讓我做，
166,那她就會一直一直在旁提醒該怎麼做
166,我知道她是好意， 但一直一直這樣，
166,我覺得很煩， 會很受不了她 那如果我出錯的話，
166,她也是一副有那種讓我覺得是妳做的，
166,妳要自己負責 我呢， 如果是我做錯，
166,我是會負責的， 不怕被罵 這情形已兩個多月了
166,我不知道我是否真的要去看醫生
166,還是我只是因為工作的關係， 讓我自己的心情這麼不好
166,目前我也盡快在找別的工作了，
166,但我很沒自信、 信心 總覺得找不到。
166,請問我該怎麼辦? 謝謝大家。
167,沒有自己的時間 一個禮拜 白天上班晚上上課
167,假日去屏東找男友    昨天晚上好想找人講話
167,可是不知道要找誰 打給男友 又說不出什麼
167,草草掛掉電話 看著手機通訊錄
167,眼淚一直掉 好想講話 可是 真的找到人
167,又講不出來 很怕他們一貫的回答
167,你在撐一陣子看看 你要調適自己
167,你抗壓性太差 原本燈關了要睡覺
167,卻莫名的覺得害怕 又跳起來開燈
167,想到這幾天一直在重覆一樣的夢
167,夢裡有東西在追我 有時候是老虎
167,有時候是人 有時候 我也不知道是什麼
167,我只能一直跑一直朝著樓梯往上爬
167,到我醒來 突然很怕又做一樣的夢
167,不敢睡 早上起來想到要去上班
167,又忍不住哭了 好不想去 那個光是想到就讓我不開心
167,走進去就讓我想吐的地方 一天有將近一半的時間在那
167,卻沒有人可以信任 跟誰談笑聊天
167,可是都是假的 我知道沒有人是真心的
167,我想我唯一勇敢的是 自己跟我媽說
167,想去看精神科 雖然哭的很慘 不能理解的是
167,為什麼會覺得是男友的問題? 雖然我連想躺在床上發個呆
167,想找時間去看醫生都沒辦法 但只有下去找他的時候
167,我覺得我還算是快樂的 為什麼
167,你們不能承認 我絕大多數的壓力是來自那份工作
167,是因為一但承認 你們就在也沒有理由阻止我辭職嗎
167,年終年終年終 所以你們選擇不看我的痛苦
167,要[調適自己] 繼續撐 說我只是需要休息
167,其實不需要去看醫生 說我是太忙壓力太大
167,不要每個禮拜都下去找男友 (連我唯一[想做的事]都要我放棄
167,那我應該會更快崩潰吧) 給自己一點時間
167,幹嘛呢 我已經沒有朋友了 對於死
167,我沒那嚜大的衝動 也許是因為還有在乎的人吧
167,想幫我男友生小孩 感覺那個地方可以成為我的歸屬
167,一定要說出我想死 才撐的上是憂鬱症嗎
167,眼睛好痛 胃跟頭也好痛 這樣可以去看醫生嗎??
173,我現在18歲， 從高一以來都是語言相關科系的.
173,. .  我國中在考高中的時候，
173,"因為沒有考好, 很失落 但是後來家人說等高中考大學在努力"
173,但最後我沒有考到第一志願. .
173,. 我很自責 我總是讓家人失望，
173,我不知道該怎麼做才好， 我只會默默的一個人哭著
173,常常想著我是不是生來浪費父母的金錢，
173,來折磨我的家人， 我好難過 ，
173,很想大聲的哭出來 我不想讓我父母擔心，
173,所以我總是笑笑的  我畏懼人群，
173,我不敢抬頭看人， 我害怕著他們會嘲諷我，
173,總是緊張地快步離開  我害怕未來，
173,到底要不要花一筆錢出國留學 但是又怕我以後的工作薪水根本不值得我去留學，
173,最後浪費父母的錢  我不知道，
173,我真的不知道該怎麼做下一步 
173,我應該去看醫生嗎. . . 還是根本就是我自己的問題
197,剛剛我做了一下測驗 我對這個選項有個疑問
197,15.  我覺得想不開、 甚至想死
197,我以前作過類似的測驗印象中都有這個選項
197,憂鬱症的人傷害的都是自己嗎 
197,因為我不是這樣  正好相反 
197,心情鬱悶我會想要傷害別人 很危險的思想
197,我知道  但沒辦法控制 事後也是會被自己的思想嚇一跳
197,我沒有實際殺人放火 (不然我就不會在這裡)
197,但是腦子裡會一遍一遍不斷的演練那些過程
197,會真的非常非常想實際操作 但是並沒有真的作
197,想的也不一定都是殺人放火 大部分的時候都是一些比較類似惡作劇的事
197,所以如果可行度高的話  我會下手
197,(我是說惡作劇)  心情比較穩定的時候會覺得當時思想太過邪惡
197,不過後來有一次朋友跟我說他喜歡塗立可白困住螞蟻之類的蟲子
197,看它們逃跑的樣子  然後把他們的腳分開
197,我不只聽過一個人這麼說 所以我想大部分的人無聊的時候都會做做這類的事吧
197,剛剛爬了一下文  「長期憂鬱不等於憂鬱症」
197,我應該是屬於長期憂鬱   我還滿想去看醫生的
197,但是看到有人說台灣沒有心理醫生
197,不知道精神科醫生的功能是不是一樣
197,精神科醫師聽起來好像是比較著重在疾病方面
197,(會開藥的那種) 可是我還不需要靠吃藥才能過日子
197,除了心情鬱悶的時候  其它時間我覺得我還滿像一般人的
197,本來是要把我的情形說的更完整的
197,想要得到比較多的資訊 不然片面之辭把自己說得好像變態
197,但是一時之間要說的東西好多 
197,不知道要從哪裡切入 只好等我把自己的情形仔細想想過後再來了
204,我想要請問大家一下  在第一次決定去看醫生的時候
204,你們是有考慮過要先看醫生還是心理諮詢師嗎?
204,然後 通常看醫生的時機  是在情緒比較穩定的那一段時間去
204,還是比較浮躁的時候呢?  我真的困擾很久
204,每次決定要去看的時候 又覺得
204,好像也沒這麼嚴重 (就是指穩定的時期)
204,又會不知不覺打消念頭  不過
204,會哭阿什麼的  又覺得這樣去看醫生是不是講的話會很不客觀什麼的
204,而且情緒很浮  就在我考慮一堆事情之下
204,好像又到穩定期了  現在我覺得這個問題實在是不能再拖下去
204,可是又找不出看醫生的好時機 
224,還是已罹患憂鬱症的表徵 有做過憂鬱症量表
224,做完指數頗高 建議我看醫生 但我還是猶豫著.
224,. .  先說說我的狀況讓板友們評斷看看好了
224,我是20歲的大二生 自從升大學以後
224,日子其實都不算過得很快樂 最重要的因素是
224,我有打工的經濟壓力 和打工所造成的人際關係問題
224,大一上剛入學時兩個月和室友感情和睦
224,天天都很快樂 但後來因為我本身的感情問題和打工
224,讓我和室友們漸漸疏遠 我室友們不喜歡我那時的男朋友
224,因為他劈腿 室友們幾次勸我離開他身邊
224,但我屢勸不聽 久了她們也不想再插手
224,卻變相以嘲諷、 不屑的態度看待
224,希望我能早日清醒 我再也不敢向她們吐露心事
224,又因為我身兼打工無法和她們參加社團一起玩樂
224,我們漸行漸遠 然後因為那時深陷感情問題中
224,沒有好好經營人際關係 後來有參加社團試圖找到知心好友
224,但都找不到 所以一直到現在 我在學校裡
224,幾乎都是獨來獨往 孤單寂寞無助的感覺常常困擾著我
224,再加上工作和學業方面我也做得不好
224,經濟壓力讓我喘不過氣 上一段感情的傷害還是縈繞在心頭
224,使得我情緒更加低落 最近兩個禮拜以來好像是屋漏偏逢連夜雨
224,壞事一籮筐一樁接著一樁來 幾乎天天失眠
224,食欲下降 動不動想哭 失去目標和動力
224,厭惡自己 好像怎麼努力都不夠好
224,我知道自己長期以來都有孤單寂寞無助之感
224,但上述的狀況是到近兩個禮拜到一個月前才出現
224,這麼說來我是否已經有罹患憂鬱症的傾向？
224,又需不需要就醫呢？  感謝大大們願意看完這一篇
226,我常常想要獨處 我想我不喜歡這間大學也是ㄧ個原因
226,但是同學間的相處我也很難適應
226,我變的好難開心 雖然說我每天都是笑嘻嘻的
226,有時候覺得很煩 我已經不想再對任何事情有期待了
226,怎麼辦 我變的好沮喪 唯有和以前的朋友見面時
226,我才可以笑的開懷 我這樣是生病了嗎?
226,我適合去看醫生嗎??? (應該不會是憂鬱症吧
258,每當這種情緒襲來時總是覺得什麼都無力去做
258,只能自己靜靜的流淚 但我上網去做過了一些憂鬱症檢測
258,結果卻都是正常人 我感覺到自己的情況越來越加劇
258,甚至已經到了影響生活. . .
258,. . .  所以正在考慮尋求專業幫助
258,另外， 我並沒有想輕生或是自虐等行為和念頭
258,有人能夠給一些建議嗎？ 謝謝
258,抱歉打的很語無倫次. . .
600,請問該怎麼說服情緒不穩的爸爸去看醫生呢?
600,之前有在板上問過相關問題(板上有我的文章)
600,但這次情況更嚴重了. . .